Dataset_Label,Raw_Value
NORMAL,0
NORMAL,0
NORMAL,0
NORMAL,0
NORMAL,0
NORMAL,0
NORMAL,0
NORMAL,0
NORMAL,0
NORMAL,0
NORMAL,0
NORMAL,0
NORMAL,0
NORMAL,0
NORMAL,0
NORMAL,0
NORMAL,0
NORMAL,0
NORMAL,0
NORMAL,0
NORMAL,0
NORMAL,0
NORMAL,0
NORMAL,0
NORMAL,0
NORMAL,0
NORMAL,0
NORMAL,0
NORMAL,0
NORMAL,0
NORMAL,0
NORMAL,0
NORMAL,0
NORMAL,0
NORMAL,0
NORMAL,0
NORMAL,0
NORMAL,0
NORMAL,0
NORMAL,0
NORMAL,0
NORMAL,0
NORMAL,0
NORMAL,0
NORMAL,0
NORMAL,0
NORMAL,0
NORMAL,0
NORMAL,0
NORMAL,0
NORMAL,0
NORMAL,0
NORMAL,0
NORMAL,0
NORMAL,0
NORMAL,0
NORMAL,0
NORMAL,0
NORMAL,0
NORMAL,0
NORMAL,0
NORMAL,0
NORMAL,0
NORMAL,0
NORMAL,0
NORMAL,0
NORMAL,0
NORMAL,0
NORMAL,0
NORMAL,0
NORMAL,0
NORMAL,0
NORMAL,0
NORMAL,0
NORMAL,0
NORMAL,0
NORMAL,0
NORMAL,0
NORMAL,0
NORMAL,0
NORMAL,0
NORMAL,0
NORMAL,0
NORMAL,0
NORMAL,0
NORMAL,0
NORMAL,0
NORMAL,0
NORMAL,0
NORMAL,0
NORMAL,0
NORMAL,0
NORMAL,0
NORMAL,0
NORMAL,0
NORMAL,0
NORMAL,0
NORMAL,0
NORMAL,0
NORMAL,0
NORMAL,0
NORMAL,0
NORMAL,0
NORMAL,0
NORMAL,0
NORMAL,0
NORMAL,0
NORMAL,0
NORMAL,0
NORMAL,0
NORMAL,0
NORMAL,0
NORMAL,0
NORMAL,0
NORMAL,0
NORMAL,0
NORMAL,0
NORMAL,0
NORMAL,0
NORMAL,0
NORMAL,0
NORMAL,0
NORMAL,0
NORMAL,0
NORMAL,0
NORMAL,0
NORMAL,0
NORMAL,0
NORMAL,0
NORMAL,0
NORMAL,0
NORMAL,0
NORMAL,0
NORMAL,0
NORMAL,0
NORMAL,0
NORMAL,0
NORMAL,0
NORMAL,0
NORMAL,0
NORMAL,0
NORMAL,0
NORMAL,0
NORMAL,0
NORMAL,0
NORMAL,0
NORMAL,0
NORMAL,0
NORMAL,0
NORMAL,0
NORMAL,0
NORMAL,0
NORMAL,0
NORMAL,0
NORMAL,0
NORMAL,0
NORMAL,0
NORMAL,0
NORMAL,0
NORMAL,0
NORMAL,0
NORMAL,0
NORMAL,0
NORMAL,0
NORMAL,0
NORMAL,0
NORMAL,0
NORMAL,0
NORMAL,0
NORMAL,0
NORMAL,0
NORMAL,0
NORMAL,0
NORMAL,0
NORMAL,0
NORMAL,0
NORMAL,0
NORMAL,0
NORMAL,0
NORMAL,0
NORMAL,0
NORMAL,0
NORMAL,0
NORMAL,0
NORMAL,0
NORMAL,0
NORMAL,0
NORMAL,0
NORMAL,0
NORMAL,0
NORMAL,0
NORMAL,0
NORMAL,0
NORMAL,0
NORMAL,0
NORMAL,0
NORMAL,0
NORMAL,0
NORMAL,0
NORMAL,0
NORMAL,0
NORMAL,0
NORMAL,0
NORMAL,0
NORMAL,0
NORMAL,0
NORMAL,0
NORMAL,0
NORMAL,0
NORMAL,0
NORMAL,0
NORMAL,0
NORMAL,0
NORMAL,0
NORMAL,0
NORMAL,0
NORMAL,0
NORMAL,0
NORMAL,0
NORMAL,0
NORMAL,0
NORMAL,0
NORMAL,0
NORMAL,0
NORMAL,0
NORMAL,0
NORMAL,0
NORMAL,0
NORMAL,0
NORMAL,0
NORMAL,0
NORMAL,0
NORMAL,0
NORMAL,0
NORMAL,0
NORMAL,0
NORMAL,0
NORMAL,0
NORMAL,0
NORMAL,0
NORMAL,0
NORMAL,0
NORMAL,0
NORMAL,0
NORMAL,0
NORMAL,0
NORMAL,0
NORMAL,0
NORMAL,0
NORMAL,0
NORMAL,0
NORMAL,0
NORMAL,0
NORMAL,0
NORMAL,0
NORMAL,0
NORMAL,0
NORMAL,0
NORMAL,0
NORMAL,0
NORMAL,0
NORMAL,0
NORMAL,0
NORMAL,0
NORMAL,0
NORMAL,0
NORMAL,0
NORMAL,0
NORMAL,0
NORMAL,0
NORMAL,0
NORMAL,0
NORMAL,0
NORMAL,0
NORMAL,0
NORMAL,0
NORMAL,0
NORMAL,0
NORMAL,0
NORMAL,0
NORMAL,0
NORMAL,0
NORMAL,0
NORMAL,0
NORMAL,0
NORMAL,0
NORMAL,0
NORMAL,0
NORMAL,0
NORMAL,0
NORMAL,0
NORMAL,0
NORMAL,0
NORMAL,0
NORMAL,0
NORMAL,0
NORMAL,0
NORMAL,0
NORMAL,0
NORMAL,0
NORMAL,0
NORMAL,0
NORMAL,0
NORMAL,0
NORMAL,0
NORMAL,0
NORMAL,0
NORMAL,0
NORMAL,0
NORMAL,0
NORMAL,0
NORMAL,0
NORMAL,0
NORMAL,0
NORMAL,0
NORMAL,0
NORMAL,0
NORMAL,0
NORMAL,0
NORMAL,0
NORMAL,0
NORMAL,0
NORMAL,0
NORMAL,0
NORMAL,0
NORMAL,0
NORMAL,0
NORMAL,0
NORMAL,0
NORMAL,0
NORMAL,0
NORMAL,0
NORMAL,0
NORMAL,0
NORMAL,0
NORMAL,0
NORMAL,0
NORMAL,0
NORMAL,0
NORMAL,0
NORMAL,0
NORMAL,0
NORMAL,0
NORMAL,0
NORMAL,0
NORMAL,0
NORMAL,0
NORMAL,0
NORMAL,0
NORMAL,0
NORMAL,0
NORMAL,0
NORMAL,0
NORMAL,0
NORMAL,0
NORMAL,0
NORMAL,0
NORMAL,0
NORMAL,0
NORMAL,0
NORMAL,0
NORMAL,0
NORMAL,0
NORMAL,0
NORMAL,0
NORMAL,0
NORMAL,0
NORMAL,0
NORMAL,0
NORMAL,0
NORMAL,0
NORMAL,0
NORMAL,0
NORMAL,0
NORMAL,0
NORMAL,0
NORMAL,0
NORMAL,0
NORMAL,0
NORMAL,0
NORMAL,0
NORMAL,0
NORMAL,0
NORMAL,0
NORMAL,0
NORMAL,0
NORMAL,0
NORMAL,0
NORMAL,0
NORMAL,0
NORMAL,0
NORMAL,0
NORMAL,0
NORMAL,0
NORMAL,0
NORMAL,0
NORMAL,0
NORMAL,0
NORMAL,0
NORMAL,0
NORMAL,0
NORMAL,0
NORMAL,0
NORMAL,0
NORMAL,0
NORMAL,0
NORMAL,0
NORMAL,0
NORMAL,0
NORMAL,0
NORMAL,0
NORMAL,0
NORMAL,0
NORMAL,0
NORMAL,0
NORMAL,0
NORMAL,0
NORMAL,0
NORMAL,0
NORMAL,0
NORMAL,0
NORMAL,0
NORMAL,0
NORMAL,0
NORMAL,0
NORMAL,0
NORMAL,0
NORMAL,0
NORMAL,0
NORMAL,0
NORMAL,0
NORMAL,0
NORMAL,0
NORMAL,0
NORMAL,0
NORMAL,0
NORMAL,0
NORMAL,0
NORMAL,0
NORMAL,0
NORMAL,0
NORMAL,0
NORMAL,0
NORMAL,0
NORMAL,0
NORMAL,0
NORMAL,0
NORMAL,0
NORMAL,0
NORMAL,0
NORMAL,0
NORMAL,0
NORMAL,0
NORMAL,0
NORMAL,0
NORMAL,0
NORMAL,0
NORMAL,0
NORMAL,0
NORMAL,0
NORMAL,0
NORMAL,0
NORMAL,0
NORMAL,0
NORMAL,0
NORMAL,0
NORMAL,0
NORMAL,0
NORMAL,0
NORMAL,0
NORMAL,0
NORMAL,0
NORMAL,0
NORMAL,0
NORMAL,0
NORMAL,0
NORMAL,0
NORMAL,0
NORMAL,0
NORMAL,0
NORMAL,0
NORMAL,0
NORMAL,0
NORMAL,0
NORMAL,0
NORMAL,0
NORMAL,0
NORMAL,0
NORMAL,0
NORMAL,0
NORMAL,0
NORMAL,0
NORMAL,0
NORMAL,0
NORMAL,0
NORMAL,0
NORMAL,0
NORMAL,0
NORMAL,0
NORMAL,0
NORMAL,0
NORMAL,0
NORMAL,0
NORMAL,0
NORMAL,0
NORMAL,0
NORMAL,0
NORMAL,0
NORMAL,0
NORMAL,0
NORMAL,0
NORMAL,0
NORMAL,0
NORMAL,0
NORMAL,0
NORMAL,0
NORMAL,0
NORMAL,0
NORMAL,0
NORMAL,0
NORMAL,0
NORMAL,0
NORMAL,0
NORMAL,0
NORMAL,0
NORMAL,0
NORMAL,0
NORMAL,0
NORMAL,0
NORMAL,0
NORMAL,0
NORMAL,0
NORMAL,0
NORMAL,0
NORMAL,0
NORMAL,0
NORMAL,0
NORMAL,0
NORMAL,0
NORMAL,0
NORMAL,0
NORMAL,0
NORMAL,0
NORMAL,0
NORMAL,0
NORMAL,0
NORMAL,0
NORMAL,0
NORMAL,0
NORMAL,0
NORMAL,0
NORMAL,0
NORMAL,0
NORMAL,0
NORMAL,0
NORMAL,0
NORMAL,0
NORMAL,0
NORMAL,0
NORMAL,0
NORMAL,0
NORMAL,0
NORMAL,0
NORMAL,0
NORMAL,0
NORMAL,0
NORMAL,0
NORMAL,0
NORMAL,0
NORMAL,0
NORMAL,0
NORMAL,0
NORMAL,0
NORMAL,0
NORMAL,0
NORMAL,0
NORMAL,0
NORMAL,0
NORMAL,0
NORMAL,0
NORMAL,0
NORMAL,0
NORMAL,0
NORMAL,0
NORMAL,0
NORMAL,0
NORMAL,0
NORMAL,0
NORMAL,0
NORMAL,0
NORMAL,0
NORMAL,0
NORMAL,0
NORMAL,0
NORMAL,0
NORMAL,0
NORMAL,0
NORMAL,0
NORMAL,0
NORMAL,0
NORMAL,0
NORMAL,0
NORMAL,0
NORMAL,0
NORMAL,0
NORMAL,0
NORMAL,0
NORMAL,0
NORMAL,0
NORMAL,0
NORMAL,0
NORMAL,0
NORMAL,0
NORMAL,0
NORMAL,0
NORMAL,0
NORMAL,0
NORMAL,0
NORMAL,0
NORMAL,0
NORMAL,0
NORMAL,0
NORMAL,0
NORMAL,0
NORMAL,0
NORMAL,0
NORMAL,0
NORMAL,0
NORMAL,0
NORMAL,0
NORMAL,0
NORMAL,0
NORMAL,0
NORMAL,0
NORMAL,0
NORMAL,0
NORMAL,0
NORMAL,0
NORMAL,0
NORMAL,0
NORMAL,0
NORMAL,0
NORMAL,0
NORMAL,0
NORMAL,0
NORMAL,0
NORMAL,0
NORMAL,219
NORMAL,0
NORMAL,0
NORMAL,171
NORMAL,0
NORMAL,0
NORMAL,146
NORMAL,0
NORMAL,0
NORMAL,152
NORMAL,0
NORMAL,0
NORMAL,171
NORMAL,0
NORMAL,0
NORMAL,191
NORMAL,0
NORMAL,0
NORMAL,164
NORMAL,0
NORMAL,38
NORMAL,76
NORMAL,0
NORMAL,174
NORMAL,0
NORMAL,0
NORMAL,185
NORMAL,0
NORMAL,26
NORMAL,60
NORMAL,0
NORMAL,174
NORMAL,0
NORMAL,0
NORMAL,161
NORMAL,0
NORMAL,135
NORMAL,0
NORMAL,0
NORMAL,189
NORMAL,0
NORMAL,0
NORMAL,61
NORMAL,0
NORMAL,170
NORMAL,0
NORMAL,0
NORMAL,113
NORMAL,0
NORMAL,135
NORMAL,0
NORMAL,0
NORMAL,152
NORMAL,0
NORMAL,0
NORMAL,96
NORMAL,0
NORMAL,59
NORMAL,0
NORMAL,0
NORMAL,80
NORMAL,0
NORMAL,0
NORMAL,77
NORMAL,0
NORMAL,0
NORMAL,46
NORMAL,0
NORMAL,0
NORMAL,25
NORMAL,0
NORMAL,0
NORMAL,0
NORMAL,0
NORMAL,0
NORMAL,0
NORMAL,0
NORMAL,0
NORMAL,0
NORMAL,0
NORMAL,0
NORMAL,0
NORMAL,0
NORMAL,0
NORMAL,0
NORMAL,0
NORMAL,0
NORMAL,0
NORMAL,0
NORMAL,0
NORMAL,0
NORMAL,0
NORMAL,0
NORMAL,0
NORMAL,0
NORMAL,0
NORMAL,0
NORMAL,0
NORMAL,0
NORMAL,0
NORMAL,0
NORMAL,0
NORMAL,0
NORMAL,0
NORMAL,0
NORMAL,0
NORMAL,0
NORMAL,0
NORMAL,0
NORMAL,0
NORMAL,0
NORMAL,0
NORMAL,0
NORMAL,0
NORMAL,0
NORMAL,0
NORMAL,0
NORMAL,0
NORMAL,0
NORMAL,0
NORMAL,0
NORMAL,0
NORMAL,0
NORMAL,0
NORMAL,0
NORMAL,0
NORMAL,0
NORMAL,0
NORMAL,0
NORMAL,0
NORMAL,0
NORMAL,0
NORMAL,0
NORMAL,0
NORMAL,0
NORMAL,0
NORMAL,0
NORMAL,0
NORMAL,0
NORMAL,0
NORMAL,0
NORMAL,0
NORMAL,0
NORMAL,0
NORMAL,0
NORMAL,0
NORMAL,0
NORMAL,0
NORMAL,0
NORMAL,0
NORMAL,0
NORMAL,0
NORMAL,0
NORMAL,0
NORMAL,0
NORMAL,0
NORMAL,0
NORMAL,0
NORMAL,0
NORMAL,0
NORMAL,0
NORMAL,0
NORMAL,0
NORMAL,0
NORMAL,0
NORMAL,0
NORMAL,0
NORMAL,0
NORMAL,0
NORMAL,0
NORMAL,0
NORMAL,0
NORMAL,0
NORMAL,0
NORMAL,0
NORMAL,0
NORMAL,0
NORMAL,0
NORMAL,0
NORMAL,0
NORMAL,0
NORMAL,0
NORMAL,0
NORMAL,0
NORMAL,0
NORMAL,0
NORMAL,0
NORMAL,0
NORMAL,0
NORMAL,0
NORMAL,0
NORMAL,0
NORMAL,0
NORMAL,0
NORMAL,0
NORMAL,0
NORMAL,0
NORMAL,0
NORMAL,0
NORMAL,0
NORMAL,0
NORMAL,0
NORMAL,0
NORMAL,0
NORMAL,0
NORMAL,0
NORMAL,0
NORMAL,0
NORMAL,0
NORMAL,0
NORMAL,0
NORMAL,0
NORMAL,0
NORMAL,0
NORMAL,0
NORMAL,0
NORMAL,0
NORMAL,0
NORMAL,0
NORMAL,0
NORMAL,0
NORMAL,0
NORMAL,0
NORMAL,0
NORMAL,0
NORMAL,0
NORMAL,0
NORMAL,0
NORMAL,0
NORMAL,0
NORMAL,0
NORMAL,0
NORMAL,0
NORMAL,0
NORMAL,0
NORMAL,0
NORMAL,0
NORMAL,0
NORMAL,0
NORMAL,0
NORMAL,0
NORMAL,0
NORMAL,0
NORMAL,0
NORMAL,0
NORMAL,0
NORMAL,0
NORMAL,0
NORMAL,0
NORMAL,0
NORMAL,0
NORMAL,0
NORMAL,0
NORMAL,0
NORMAL,0
NORMAL,0
NORMAL,0
NORMAL,0
NORMAL,0
NORMAL,0
NORMAL,0
NORMAL,0
NORMAL,0
NORMAL,0
NORMAL,0
NORMAL,0
NORMAL,0
NORMAL,0
NORMAL,0
NORMAL,0
NORMAL,0
NORMAL,0
NORMAL,0
NORMAL,0
NORMAL,0
NORMAL,0
NORMAL,0
NORMAL,0
NORMAL,0
NORMAL,0
NORMAL,0
NORMAL,0
NORMAL,0
NORMAL,0
NORMAL,0
NORMAL,0
NORMAL,0
NORMAL,0
NORMAL,0
NORMAL,0
NORMAL,0
NORMAL,0
NORMAL,0
NORMAL,0
NORMAL,0
NORMAL,0
NORMAL,0
NORMAL,0
NORMAL,0
NORMAL,0
NORMAL,0
NORMAL,0
NORMAL,0
NORMAL,0
NORMAL,0
NORMAL,0
NORMAL,0
NORMAL,0
NORMAL,0
NORMAL,0
NORMAL,0
NORMAL,0
NORMAL,0
NORMAL,0
NORMAL,0
NORMAL,0
NORMAL,0
NORMAL,0
NORMAL,0
NORMAL,0
NORMAL,0
NORMAL,0
NORMAL,0
NORMAL,0
NORMAL,0
NORMAL,0
NORMAL,0
NORMAL,0
NORMAL,0
NORMAL,0
NORMAL,0
NORMAL,0
NORMAL,0
NORMAL,0
NORMAL,0
NORMAL,0
NORMAL,0
NORMAL,0
NORMAL,0
NORMAL,0
NORMAL,0
NORMAL,0
NORMAL,0
NORMAL,0
NORMAL,0
NORMAL,0
NORMAL,0
NORMAL,0
NORMAL,0
NORMAL,0
NORMAL,0
NORMAL,0
NORMAL,0
NORMAL,0
NORMAL,0
NORMAL,0
NORMAL,0
NORMAL,0
NORMAL,0
NORMAL,0
NORMAL,0
NORMAL,0
NORMAL,0
NORMAL,0
NORMAL,0
NORMAL,0
NORMAL,0
NORMAL,0
NORMAL,0
NORMAL,0
NORMAL,0
NORMAL,0
NORMAL,0
NORMAL,0
NORMAL,0
NORMAL,0
NORMAL,0
NORMAL,0
NORMAL,0
NORMAL,0
NORMAL,0
NORMAL,0
NORMAL,0
NORMAL,0
NORMAL,0
NORMAL,0
NORMAL,0
NORMAL,0
NORMAL,0
NORMAL,0
NORMAL,0
NORMAL,0
NORMAL,0
NORMAL,0
NORMAL,0
NORMAL,0
NORMAL,0
NORMAL,0
NORMAL,0
NORMAL,0
NORMAL,0
NORMAL,0
NORMAL,0
NORMAL,0
NORMAL,0
NORMAL,0
NORMAL,0
NORMAL,0
NORMAL,0
NORMAL,0
NORMAL,0
NORMAL,0
NORMAL,0
NORMAL,0
NORMAL,0
NORMAL,0
NORMAL,0
NORMAL,0
NORMAL,0
NORMAL,0
NORMAL,0
NORMAL,0
NORMAL,0
NORMAL,0
NORMAL,0
NORMAL,0
NORMAL,0
NORMAL,0
NORMAL,0
NORMAL,0
NORMAL,0
NORMAL,0
NORMAL,0
NORMAL,0
NORMAL,0
NORMAL,0
NORMAL,0
NORMAL,0
NORMAL,0
NORMAL,0
NORMAL,0
NORMAL,0
NORMAL,0
NORMAL,0
NORMAL,0
NORMAL,0
NORMAL,0
NORMAL,0
NORMAL,0
NORMAL,0
NORMAL,0
NORMAL,0
NORMAL,0
NORMAL,0
NORMAL,0
NORMAL,0
NORMAL,0
NORMAL,0
NORMAL,0
NORMAL,0
NORMAL,0
NORMAL,0
NORMAL,0
NORMAL,0
NORMAL,0
NORMAL,0
NORMAL,0
NORMAL,0
NORMAL,0
NORMAL,0
NORMAL,0
NORMAL,0
NORMAL,0
NORMAL,0
NORMAL,0
NORMAL,0
NORMAL,0
NORMAL,0
NORMAL,0
NORMAL,0
NORMAL,0
NORMAL,0
NORMAL,0
NORMAL,0
NORMAL,0
NORMAL,0
NORMAL,0
NORMAL,0
NORMAL,0
NORMAL,0
NORMAL,0
NORMAL,0
NORMAL,0
NORMAL,0
NORMAL,0
NORMAL,0
NORMAL,0
NORMAL,0
NORMAL,0
NORMAL,0
NORMAL,0
NORMAL,0
NORMAL,0
NORMAL,0
NORMAL,0
NORMAL,0
NORMAL,0
NORMAL,0
NORMAL,0
NORMAL,0
NORMAL,0
NORMAL,0
NORMAL,0
NORMAL,0
NORMAL,0
NORMAL,0
NORMAL,0
NORMAL,0
NORMAL,0
NORMAL,0
NORMAL,0
NORMAL,0
NORMAL,0
NORMAL,0
NORMAL,0
NORMAL,0
NORMAL,0
NORMAL,0
NORMAL,0
NORMAL,0
NORMAL,0
NORMAL,0
NORMAL,0
NORMAL,0
NORMAL,0
NORMAL,0
NORMAL,0
NORMAL,0
NORMAL,0
NORMAL,0
NORMAL,0
NORMAL,0
NORMAL,0
NORMAL,0
NORMAL,0
NORMAL,0
NORMAL,0
NORMAL,0
NORMAL,0
NORMAL,0
NORMAL,0
NORMAL,0
NORMAL,0
NORMAL,0
NORMAL,0
NORMAL,0
NORMAL,0
NORMAL,0
NORMAL,0
NORMAL,0
NORMAL,0
NORMAL,0
NORMAL,0
NORMAL,0
NORMAL,0
NORMAL,0
NORMAL,0
NORMAL,0
NORMAL,0
NORMAL,0
NORMAL,0
NORMAL,0
NORMAL,0
NORMAL,0
NORMAL,0
NORMAL,0
NORMAL,0
NORMAL,0
NORMAL,0
NORMAL,0
NORMAL,0
NORMAL,0
NORMAL,0
NORMAL,0
NORMAL,0
NORMAL,0
NORMAL,0
NORMAL,0
NORMAL,0
NORMAL,0
NORMAL,0
NORMAL,0
NORMAL,0
NORMAL,0
NORMAL,0
NORMAL,0
NORMAL,0
NORMAL,0
NORMAL,0
NORMAL,0
NORMAL,0
NORMAL,0
NORMAL,0
NORMAL,0
NORMAL,0
NORMAL,0
NORMAL,0
NORMAL,0
NORMAL,0
NORMAL,0
NORMAL,0
NORMAL,0
NORMAL,0
NORMAL,0
NORMAL,0
NORMAL,0
NORMAL,0
NORMAL,0
NORMAL,0
NORMAL,0
NORMAL,0
NORMAL,0
NORMAL,0
NORMAL,0
NORMAL,0
NORMAL,0
NORMAL,0
NORMAL,0
NORMAL,0
NORMAL,0
NORMAL,0
NORMAL,0
NORMAL,0
NORMAL,0
NORMAL,0
NORMAL,0
NORMAL,0
NORMAL,0
NORMAL,0
NORMAL,0
NORMAL,0
NORMAL,0
NORMAL,0
NORMAL,0
NORMAL,0
NORMAL,0
NORMAL,0
NORMAL,0
NORMAL,0
NORMAL,0
NORMAL,0
NORMAL,0
NORMAL,0
NORMAL,0
NORMAL,0
NORMAL,0
NORMAL,0
NORMAL,0
NORMAL,0
NORMAL,0
NORMAL,0
NORMAL,0
NORMAL,0
NORMAL,0
NORMAL,0
NORMAL,0
NORMAL,0
NORMAL,0
NORMAL,0
NORMAL,0
NORMAL,0
NORMAL,0
NORMAL,0
NORMAL,0
NORMAL,0
NORMAL,0
NORMAL,0
NORMAL,0
NORMAL,0
NORMAL,0
NORMAL,0
NORMAL,0
NORMAL,0
NORMAL,0
NORMAL,0
NORMAL,0
NORMAL,0
NORMAL,0
NORMAL,0
NORMAL,0
NORMAL,0
NORMAL,0
NORMAL,0
NORMAL,0
NORMAL,0
NORMAL,0
NORMAL,0
NORMAL,0
NORMAL,0
NORMAL,0
NORMAL,0
NORMAL,0
NORMAL,0
NORMAL,0
NORMAL,0
NORMAL,0
NORMAL,0
NORMAL,0
NORMAL,0
NORMAL,0
NORMAL,0
NORMAL,0
NORMAL,0
NORMAL,0
NORMAL,0
NORMAL,0
NORMAL,0
NORMAL,0
NORMAL,0
NORMAL,0
NORMAL,0
NORMAL,0
NORMAL,0
NORMAL,0
NORMAL,0
NORMAL,0
NORMAL,0
NORMAL,0
NORMAL,0
NORMAL,0
NORMAL,0
NORMAL,0
NORMAL,0
NORMAL,0
NORMAL,0
NORMAL,0
NORMAL,0
NORMAL,0
NORMAL,0
NORMAL,0
NORMAL,0
NORMAL,0
NORMAL,0
NORMAL,0
NORMAL,0
NORMAL,0
NORMAL,0
NORMAL,0
NORMAL,0
NORMAL,0
NORMAL,0
NORMAL,0
NORMAL,0
NORMAL,0
NORMAL,0
NORMAL,0
NORMAL,0
NORMAL,0
NORMAL,0
NORMAL,0
NORMAL,0
NORMAL,0
NORMAL,0
NORMAL,0
NORMAL,0
NORMAL,0
NORMAL,0
NORMAL,0
NORMAL,0
NORMAL,0
NORMAL,0
NORMAL,0
NORMAL,0
NORMAL,0
NORMAL,0
NORMAL,0
NORMAL,0
NORMAL,0
NORMAL,0
NORMAL,0
NORMAL,0
NORMAL,0
NORMAL,0
NORMAL,0
NORMAL,0
NORMAL,0
NORMAL,0
NORMAL,0
NORMAL,0
NORMAL,0
NORMAL,0
NORMAL,0
NORMAL,0
NORMAL,0
NORMAL,0
NORMAL,0
NORMAL,0
NORMAL,0
NORMAL,0
NORMAL,0
NORMAL,0
NORMAL,0
NORMAL,0
NORMAL,0
NORMAL,0
NORMAL,0
NORMAL,0
NORMAL,0
NORMAL,0
NORMAL,0
NORMAL,0
NORMAL,0
NORMAL,0
NORMAL,0
NORMAL,0
NORMAL,0
NORMAL,0
NORMAL,0
NORMAL,0
NORMAL,0
NORMAL,0
NORMAL,0
NORMAL,0
NORMAL,0
NORMAL,0
NORMAL,0
NORMAL,0
NORMAL,0
NORMAL,0
NORMAL,0
NORMAL,0
NORMAL,0
NORMAL,0
NORMAL,0
NORMAL,0
NORMAL,0
NORMAL,0
NORMAL,0
NORMAL,0
NORMAL,0
NORMAL,0
NORMAL,0
NORMAL,0
NORMAL,0
NORMAL,0
NORMAL,0
NORMAL,0
NORMAL,0
NORMAL,0
NORMAL,0
NORMAL,0
NORMAL,0
NORMAL,0
NORMAL,0
NORMAL,0
NORMAL,0
NORMAL,0
NORMAL,0
NORMAL,0
NORMAL,0
NORMAL,0
NORMAL,0
NORMAL,0
NORMAL,0
NORMAL,0
NORMAL,0
NORMAL,0
NORMAL,0
NORMAL,0
NORMAL,0
NORMAL,0
NORMAL,0
NORMAL,0
NORMAL,0
NORMAL,0
NORMAL,0
NORMAL,0
NORMAL,0
NORMAL,0
NORMAL,0
NORMAL,0
NORMAL,0
NORMAL,0
NORMAL,0
NORMAL,0
NORMAL,0
NORMAL,0
NORMAL,0
NORMAL,0
NORMAL,0
NORMAL,0
NORMAL,0
NORMAL,0
NORMAL,0
NORMAL,0
NORMAL,0
NORMAL,0
NORMAL,0
NORMAL,0
NORMAL,0
NORMAL,0
NORMAL,0
NORMAL,0
NORMAL,0
NORMAL,0
NORMAL,0
NORMAL,0
NORMAL,0
NORMAL,0
NORMAL,0
NORMAL,0
NORMAL,0
NORMAL,0
NORMAL,0
NORMAL,0
NORMAL,0
NORMAL,0
NORMAL,0
NORMAL,0
NORMAL,0
NORMAL,0
NORMAL,0
NORMAL,0
NORMAL,0
NORMAL,0
NORMAL,0
NORMAL,0
NORMAL,0
NORMAL,0
NORMAL,0
NORMAL,0
NORMAL,0
NORMAL,0
NORMAL,0
NORMAL,0
NORMAL,0
NORMAL,0
NORMAL,0
NORMAL,0
NORMAL,0
NORMAL,0
NORMAL,0
NORMAL,0
NORMAL,0
NORMAL,0
NORMAL,0
NORMAL,0
NORMAL,0
NORMAL,0
NORMAL,0
NORMAL,0
NORMAL,0
NORMAL,0
NORMAL,0
NORMAL,0
NORMAL,0
NORMAL,0
NORMAL,0
NORMAL,0
NORMAL,0
NORMAL,0
NORMAL,0
NORMAL,0
NORMAL,0
NORMAL,0
NORMAL,0
NORMAL,0
NORMAL,0
NORMAL,0
NORMAL,0
NORMAL,0
NORMAL,0
NORMAL,0
NORMAL,0
NORMAL,0
NORMAL,0
NORMAL,0
NORMAL,0
NORMAL,0
NORMAL,0
NORMAL,0
NORMAL,0
NORMAL,0
NORMAL,0
NORMAL,0
NORMAL,0
NORMAL,0
NORMAL,0
NORMAL,0
NORMAL,0
NORMAL,0
NORMAL,0
NORMAL,0
NORMAL,0
NORMAL,0
NORMAL,0
NORMAL,0
NORMAL,0
NORMAL,0
NORMAL,0
NORMAL,0
NORMAL,0
NORMAL,0
NORMAL,0
NORMAL,0
NORMAL,0
NORMAL,0
NORMAL,0
NORMAL,0
NORMAL,0
NORMAL,0
NORMAL,0
NORMAL,0
NORMAL,0
NORMAL,0
NORMAL,0
NORMAL,0
NORMAL,0
NORMAL,0
NORMAL,0
NORMAL,0
NORMAL,0
NORMAL,0
NORMAL,0
NORMAL,0
NORMAL,0
NORMAL,0
NORMAL,0
NORMAL,0
NORMAL,0
NORMAL,0
NORMAL,0
NORMAL,0
NORMAL,0
NORMAL,0
NORMAL,0
NORMAL,0
NORMAL,0
NORMAL,0
NORMAL,0
NORMAL,0
NORMAL,0
NORMAL,0
NORMAL,0
NORMAL,0
NORMAL,0
NORMAL,0
NORMAL,0
NORMAL,0
NORMAL,0
NORMAL,0
NORMAL,0
NORMAL,0
NORMAL,0
NORMAL,0
NORMAL,0
NORMAL,0
NORMAL,0
NORMAL,0
NORMAL,0
NORMAL,0
NORMAL,0
NORMAL,0
NORMAL,0
NORMAL,0
NORMAL,0
NORMAL,0
NORMAL,0
NORMAL,0
NORMAL,0
NORMAL,0
NORMAL,0
NORMAL,0
NORMAL,0
NORMAL,0
NORMAL,0
NORMAL,0
NORMAL,0
NORMAL,0
NORMAL,0
NORMAL,0
NORMAL,0
NORMAL,0
NORMAL,0
NORMAL,0
NORMAL,0
NORMAL,0
NORMAL,0
NORMAL,0
NORMAL,0
NORMAL,0
NORMAL,0
NORMAL,0
NORMAL,0
NORMAL,0
NORMAL,0
NORMAL,0
NORMAL,0
NORMAL,0
NORMAL,0
NORMAL,0
NORMAL,0
NORMAL,0
NORMAL,0
NORMAL,0
NORMAL,0
NORMAL,0
NORMAL,0
NORMAL,0
NORMAL,0
NORMAL,0
NORMAL,0
NORMAL,0
NORMAL,0
NORMAL,0
NORMAL,0
NORMAL,0
NORMAL,0
NORMAL,0
NORMAL,0
NORMAL,0
NORMAL,0
NORMAL,0
NORMAL,0
NORMAL,0
NORMAL,0
NORMAL,0
NORMAL,0
NORMAL,0
NORMAL,0
NORMAL,0
NORMAL,0
NORMAL,0
NORMAL,0
NORMAL,0
NORMAL,0
NORMAL,0
NORMAL,0
NORMAL,0
NORMAL,0
NORMAL,0
NORMAL,0
NORMAL,0
NORMAL,0
NORMAL,0
NORMAL,0
NORMAL,0
NORMAL,0
NORMAL,0
NORMAL,0
NORMAL,0
NORMAL,0
NORMAL,0
NORMAL,0
NORMAL,0
NORMAL,0
NORMAL,0
NORMAL,0
NORMAL,0
NORMAL,0
NORMAL,0
NORMAL,0
NORMAL,0
NORMAL,0
NORMAL,0
NORMAL,0
NORMAL,0
NORMAL,0
NORMAL,0
NORMAL,0
NORMAL,0
NORMAL,0
NORMAL,0
NORMAL,0
NORMAL,0
NORMAL,0
NORMAL,0
NORMAL,0
NORMAL,0
NORMAL,0
NORMAL,0
NORMAL,0
NORMAL,0
NORMAL,0
NORMAL,0
NORMAL,0
NORMAL,0
NORMAL,0
NORMAL,0
NORMAL,0
NORMAL,0
NORMAL,0
NORMAL,0
NORMAL,0
NORMAL,0
NORMAL,0
NORMAL,0
NORMAL,0
NORMAL,0
NORMAL,0
NORMAL,0
NORMAL,0
NORMAL,0
NORMAL,0
NORMAL,0
NORMAL,0
NORMAL,0
NORMAL,0
NORMAL,0
NORMAL,0
NORMAL,0
NORMAL,0
NORMAL,0
NORMAL,0
NORMAL,0
NORMAL,0
NORMAL,0
NORMAL,0
NORMAL,0
NORMAL,0
NORMAL,0
NORMAL,0
NORMAL,0
NORMAL,0
NORMAL,0
NORMAL,0
NORMAL,0
NORMAL,0
NORMAL,0
NORMAL,0
NORMAL,0
NORMAL,0
NORMAL,0
NORMAL,0
NORMAL,0
NORMAL,0
NORMAL,0
NORMAL,0
NORMAL,0
LIGHT,0
LIGHT,0
LIGHT,0
LIGHT,0
LIGHT,0
LIGHT,0
LIGHT,0
LIGHT,0
LIGHT,0
LIGHT,0
LIGHT,0
LIGHT,0
LIGHT,0
LIGHT,0
LIGHT,0
LIGHT,0
LIGHT,0
LIGHT,0
LIGHT,0
LIGHT,0
LIGHT,0
LIGHT,0
LIGHT,0
LIGHT,0
LIGHT,0
LIGHT,0
LIGHT,0
LIGHT,0
LIGHT,0
LIGHT,0
LIGHT,0
LIGHT,0
LIGHT,0
LIGHT,0
LIGHT,0
LIGHT,0
LIGHT,0
LIGHT,0
LIGHT,0
LIGHT,0
LIGHT,0
LIGHT,0
LIGHT,0
LIGHT,0
LIGHT,0
LIGHT,0
LIGHT,0
LIGHT,0
LIGHT,0
LIGHT,0
LIGHT,0
LIGHT,0
LIGHT,0
LIGHT,0
LIGHT,0
LIGHT,0
LIGHT,0
LIGHT,0
LIGHT,0
LIGHT,0
LIGHT,0
LIGHT,0
LIGHT,0
LIGHT,0
LIGHT,0
LIGHT,0
LIGHT,0
LIGHT,0
LIGHT,0
LIGHT,0
LIGHT,0
LIGHT,0
LIGHT,0
LIGHT,0
LIGHT,0
LIGHT,0
LIGHT,0
LIGHT,0
LIGHT,0
LIGHT,0
LIGHT,0
LIGHT,0
LIGHT,0
LIGHT,0
LIGHT,0
LIGHT,0
LIGHT,0
LIGHT,0
LIGHT,0
LIGHT,0
LIGHT,0
LIGHT,0
LIGHT,0
LIGHT,0
LIGHT,0
LIGHT,0
LIGHT,0
LIGHT,0
LIGHT,0
LIGHT,0
LIGHT,0
LIGHT,0
LIGHT,0
LIGHT,0
LIGHT,0
LIGHT,0
LIGHT,0
LIGHT,0
LIGHT,0
LIGHT,0
LIGHT,0
LIGHT,0
LIGHT,0
LIGHT,0
LIGHT,0
LIGHT,0
LIGHT,0
LIGHT,0
LIGHT,0
LIGHT,0
LIGHT,0
LIGHT,0
LIGHT,0
LIGHT,0
LIGHT,0
LIGHT,0
LIGHT,0
LIGHT,0
LIGHT,0
LIGHT,0
LIGHT,0
LIGHT,0
LIGHT,0
LIGHT,0
LIGHT,0
LIGHT,0
LIGHT,0
LIGHT,0
LIGHT,0
LIGHT,0
LIGHT,0
LIGHT,0
LIGHT,0
LIGHT,0
LIGHT,0
LIGHT,0
LIGHT,0
LIGHT,0
LIGHT,0
LIGHT,0
LIGHT,0
LIGHT,0
LIGHT,0
LIGHT,0
LIGHT,0
LIGHT,0
LIGHT,0
LIGHT,0
LIGHT,0
LIGHT,0
LIGHT,0
LIGHT,0
LIGHT,0
LIGHT,0
LIGHT,0
LIGHT,0
LIGHT,0
LIGHT,0
LIGHT,0
LIGHT,0
LIGHT,0
LIGHT,0
LIGHT,0
LIGHT,0
LIGHT,0
LIGHT,0
LIGHT,0
LIGHT,0
LIGHT,28
LIGHT,0
LIGHT,0
LIGHT,124
LIGHT,0
LIGHT,0
LIGHT,0
LIGHT,0
LIGHT,114
LIGHT,0
LIGHT,0
LIGHT,156
LIGHT,0
LIGHT,57
LIGHT,0
LIGHT,0
LIGHT,150
LIGHT,0
LIGHT,43
LIGHT,0
LIGHT,0
LIGHT,178
LIGHT,0
LIGHT,110
LIGHT,0
LIGHT,0
LIGHT,137
LIGHT,0
LIGHT,191
LIGHT,0
LIGHT,101
LIGHT,0
LIGHT,0
LIGHT,128
LIGHT,0
LIGHT,212
LIGHT,0
LIGHT,161
LIGHT,0
LIGHT,0
LIGHT,41
LIGHT,0
LIGHT,255
LIGHT,0
LIGHT,192
LIGHT,0
LIGHT,0
LIGHT,200
LIGHT,0
LIGHT,201
LIGHT,0
LIGHT,0
LIGHT,261
LIGHT,0
LIGHT,0
LIGHT,244
LIGHT,0
LIGHT,171
LIGHT,58
LIGHT,0
LIGHT,265
LIGHT,0
LIGHT,0
LIGHT,266
LIGHT,0
LIGHT,0
LIGHT,225
LIGHT,0
LIGHT,219
LIGHT,46
LIGHT,0
LIGHT,256
LIGHT,0
LIGHT,0
LIGHT,278
LIGHT,0
LIGHT,0
LIGHT,302
LIGHT,0
LIGHT,0
LIGHT,297
LIGHT,0
LIGHT,0
LIGHT,310
LIGHT,0
LIGHT,0
LIGHT,287
LIGHT,0
LIGHT,0
LIGHT,279
LIGHT,0
LIGHT,105
LIGHT,198
LIGHT,0
LIGHT,287
LIGHT,13
LIGHT,0
LIGHT,302
LIGHT,0
LIGHT,175
LIGHT,75
LIGHT,0
LIGHT,309
LIGHT,0
LIGHT,53
LIGHT,241
LIGHT,0
LIGHT,276
LIGHT,75
LIGHT,0
LIGHT,287
LIGHT,32
LIGHT,0
LIGHT,316
LIGHT,9
LIGHT,0
LIGHT,306
LIGHT,8
LIGHT,0
LIGHT,320
LIGHT,18
LIGHT,0
LIGHT,288
LIGHT,98
LIGHT,0
LIGHT,45
LIGHT,300
LIGHT,0
LIGHT,0
LIGHT,224
LIGHT,312
LIGHT,0
LIGHT,0
LIGHT,12
LIGHT,318
LIGHT,181
LIGHT,0
LIGHT,0
LIGHT,40
LIGHT,324
LIGHT,274
LIGHT,0
LIGHT,0
LIGHT,0
LIGHT,283
LIGHT,331
LIGHT,137
LIGHT,0
LIGHT,0
LIGHT,0
LIGHT,313
LIGHT,321
LIGHT,46
LIGHT,0
LIGHT,0
LIGHT,148
LIGHT,334
LIGHT,238
LIGHT,0
LIGHT,0
LIGHT,0
LIGHT,313
LIGHT,317
LIGHT,40
LIGHT,0
LIGHT,0
LIGHT,279
LIGHT,326
LIGHT,45
LIGHT,0
LIGHT,0
LIGHT,291
LIGHT,331
LIGHT,58
LIGHT,0
LIGHT,0
LIGHT,265
LIGHT,341
LIGHT,69
LIGHT,0
LIGHT,0
LIGHT,278
LIGHT,324
LIGHT,33
LIGHT,0
LIGHT,0
LIGHT,345
LIGHT,189
LIGHT,0
LIGHT,0
LIGHT,290
LIGHT,334
LIGHT,18
LIGHT,0
LIGHT,16
LIGHT,348
LIGHT,215
LIGHT,0
LIGHT,0
LIGHT,226
LIGHT,349
LIGHT,61
LIGHT,0
LIGHT,0
LIGHT,347
LIGHT,298
LIGHT,0
LIGHT,0
LIGHT,0
LIGHT,326
LIGHT,349
LIGHT,215
LIGHT,14
LIGHT,0
LIGHT,0
LIGHT,143
LIGHT,357
LIGHT,312
LIGHT,9
LIGHT,0
LIGHT,65
LIGHT,353
LIGHT,135
LIGHT,0
LIGHT,0
LIGHT,369
LIGHT,67
LIGHT,0
LIGHT,326
LIGHT,204
LIGHT,0
LIGHT,317
LIGHT,128
LIGHT,0
LIGHT,362
LIGHT,0
LIGHT,278
LIGHT,38
LIGHT,44
LIGHT,95
LIGHT,0
LIGHT,119
LIGHT,0
LIGHT,144
LIGHT,0
LIGHT,171
LIGHT,0
LIGHT,195
LIGHT,0
LIGHT,257
LIGHT,0
LIGHT,326
LIGHT,0
LIGHT,349
LIGHT,0
LIGHT,353
LIGHT,0
LIGHT,350
LIGHT,0
LIGHT,364
LIGHT,0
LIGHT,359
LIGHT,0
LIGHT,358
LIGHT,0
LIGHT,369
LIGHT,0
LIGHT,368
LIGHT,0
LIGHT,312
LIGHT,26
LIGHT,137
LIGHT,81
LIGHT,0
LIGHT,190
LIGHT,0
LIGHT,330
LIGHT,0
LIGHT,363
LIGHT,0
LIGHT,369
LIGHT,0
LIGHT,384
LIGHT,0
LIGHT,195
LIGHT,163
LIGHT,0
LIGHT,380
LIGHT,2
LIGHT,32
LIGHT,350
LIGHT,0
LIGHT,345
LIGHT,89
LIGHT,0
LIGHT,387
LIGHT,2
LIGHT,0
LIGHT,367
LIGHT,0
LIGHT,72
LIGHT,365
LIGHT,0
LIGHT,164
LIGHT,343
LIGHT,0
LIGHT,246
LIGHT,278
LIGHT,0
LIGHT,348
LIGHT,105
LIGHT,0
LIGHT,390
LIGHT,5
LIGHT,169
LIGHT,208
LIGHT,0
LIGHT,388
LIGHT,0
LIGHT,304
LIGHT,89
LIGHT,0
LIGHT,366
LIGHT,0
LIGHT,389
LIGHT,30
LIGHT,0
LIGHT,357
LIGHT,0
LIGHT,379
LIGHT,37
LIGHT,0
LIGHT,367
LIGHT,0
LIGHT,353
LIGHT,74
LIGHT,0
LIGHT,377
LIGHT,0
LIGHT,309
LIGHT,123
LIGHT,0
LIGHT,388
LIGHT,5
LIGHT,0
LIGHT,366
LIGHT,0
LIGHT,275
LIGHT,206
LIGHT,0
LIGHT,389
LIGHT,54
LIGHT,0
LIGHT,387
LIGHT,0
LIGHT,60
LIGHT,359
LIGHT,0
LIGHT,324
LIGHT,156
LIGHT,0
LIGHT,395
LIGHT,28
LIGHT,0
LIGHT,376
LIGHT,0
LIGHT,99
LIGHT,355
LIGHT,1
LIGHT,253
LIGHT,272
LIGHT,0
LIGHT,320
LIGHT,223
LIGHT,0
LIGHT,321
LIGHT,249
LIGHT,0
LIGHT,246
LIGHT,347
LIGHT,0
LIGHT,27
LIGHT,374
LIGHT,21
LIGHT,0
LIGHT,385
LIGHT,87
LIGHT,0
LIGHT,373
LIGHT,142
LIGHT,0
LIGHT,380
LIGHT,99
LIGHT,0
LIGHT,377
LIGHT,15
LIGHT,2
LIGHT,355
LIGHT,0
LIGHT,387
LIGHT,52
LIGHT,0
LIGHT,369
LIGHT,0
LIGHT,366
LIGHT,69
LIGHT,0
LIGHT,377
LIGHT,0
LIGHT,303
LIGHT,144
LIGHT,0
LIGHT,391
LIGHT,11
LIGHT,0
LIGHT,365
LIGHT,0
LIGHT,327
LIGHT,118
LIGHT,0
LIGHT,388
LIGHT,0
LIGHT,65
LIGHT,345
LIGHT,0
LIGHT,371
LIGHT,88
LIGHT,0
LIGHT,388
LIGHT,1
LIGHT,57
LIGHT,354
LIGHT,0
LIGHT,320
LIGHT,171
LIGHT,0
LIGHT,394
LIGHT,83
LIGHT,0
LIGHT,393
LIGHT,61
LIGHT,0
LIGHT,392
LIGHT,41
LIGHT,0
LIGHT,389
LIGHT,22
LIGHT,0
LIGHT,389
LIGHT,29
LIGHT,0
LIGHT,393
LIGHT,58
LIGHT,0
LIGHT,391
LIGHT,84
LIGHT,0
LIGHT,390
LIGHT,83
LIGHT,0
LIGHT,389
LIGHT,61
LIGHT,0
LIGHT,390
LIGHT,35
LIGHT,0
LIGHT,397
LIGHT,22
LIGHT,0
LIGHT,390
LIGHT,19
LIGHT,0
LIGHT,386
LIGHT,10
LIGHT,0
LIGHT,383
LIGHT,0
LIGHT,48
LIGHT,370
LIGHT,0
LIGHT,303
LIGHT,154
LIGHT,0
LIGHT,389
LIGHT,2
LIGHT,88
LIGHT,337
LIGHT,0
LIGHT,388
LIGHT,46
LIGHT,0
LIGHT,365
LIGHT,0
LIGHT,379
LIGHT,63
LIGHT,0
LIGHT,377
LIGHT,0
LIGHT,367
LIGHT,79
LIGHT,0
LIGHT,384
LIGHT,0
LIGHT,305
LIGHT,142
LIGHT,0
LIGHT,391
LIGHT,14
LIGHT,0
LIGHT,378
LIGHT,1
LIGHT,251
LIGHT,301
LIGHT,2
LIGHT,312
LIGHT,401
LIGHT,0
LIGHT,0
LIGHT,0
LIGHT,0
LIGHT,0
LIGHT,0
LIGHT,0
LIGHT,0
LIGHT,0
LIGHT,0
LIGHT,0
LIGHT,0
LIGHT,0
LIGHT,0
LIGHT,0
LIGHT,0
LIGHT,0
LIGHT,0
LIGHT,0
LIGHT,0
LIGHT,0
LIGHT,0
LIGHT,0
LIGHT,0
LIGHT,0
LIGHT,0
LIGHT,0
LIGHT,0
LIGHT,0
LIGHT,0
LIGHT,0
LIGHT,0
LIGHT,0
LIGHT,0
LIGHT,0
LIGHT,0
LIGHT,0
LIGHT,0
LIGHT,0
LIGHT,0
LIGHT,0
LIGHT,0
LIGHT,0
LIGHT,0
LIGHT,0
LIGHT,0
LIGHT,0
LIGHT,0
LIGHT,0
LIGHT,0
LIGHT,0
LIGHT,0
LIGHT,0
LIGHT,0
LIGHT,0
LIGHT,0
LIGHT,0
LIGHT,0
LIGHT,0
LIGHT,0
LIGHT,0
LIGHT,0
LIGHT,0
LIGHT,0
LIGHT,0
LIGHT,0
LIGHT,0
LIGHT,0
LIGHT,0
LIGHT,0
LIGHT,0
LIGHT,0
LIGHT,0
LIGHT,0
LIGHT,0
LIGHT,0
LIGHT,0
LIGHT,0
LIGHT,0
LIGHT,0
LIGHT,0
LIGHT,0
LIGHT,0
LIGHT,0
LIGHT,0
LIGHT,0
LIGHT,0
LIGHT,0
LIGHT,0
LIGHT,0
LIGHT,0
LIGHT,0
LIGHT,0
LIGHT,0
LIGHT,0
LIGHT,0
LIGHT,0
LIGHT,0
LIGHT,0
LIGHT,0
LIGHT,0
LIGHT,0
LIGHT,0
LIGHT,0
LIGHT,0
LIGHT,0
LIGHT,0
LIGHT,0
LIGHT,0
LIGHT,0
LIGHT,0
LIGHT,0
LIGHT,0
LIGHT,0
LIGHT,0
LIGHT,0
LIGHT,0
LIGHT,0
LIGHT,0
LIGHT,0
LIGHT,0
LIGHT,0
LIGHT,0
LIGHT,0
LIGHT,0
LIGHT,0
LIGHT,0
LIGHT,0
LIGHT,0
LIGHT,0
LIGHT,0
LIGHT,0
LIGHT,0
LIGHT,0
LIGHT,0
LIGHT,0
LIGHT,0
LIGHT,0
LIGHT,0
LIGHT,0
LIGHT,0
LIGHT,0
LIGHT,0
LIGHT,0
LIGHT,0
LIGHT,115
LIGHT,0
LIGHT,0
LIGHT,0
LIGHT,0
LIGHT,73
LIGHT,0
LIGHT,74
LIGHT,0
LIGHT,0
LIGHT,132
LIGHT,0
LIGHT,0
LIGHT,8
LIGHT,0
LIGHT,0
LIGHT,0
LIGHT,0
LIGHT,0
LIGHT,73
LIGHT,0
LIGHT,0
LIGHT,47
LIGHT,0
LIGHT,0
LIGHT,0
LIGHT,118
LIGHT,0
LIGHT,0
LIGHT,0
LIGHT,0
LIGHT,0
LIGHT,0
LIGHT,0
LIGHT,0
LIGHT,0
LIGHT,0
LIGHT,0
LIGHT,0
LIGHT,16
LIGHT,106
LIGHT,0
LIGHT,0
LIGHT,0
LIGHT,0
LIGHT,0
LIGHT,67
LIGHT,123
LIGHT,0
LIGHT,0
LIGHT,0
LIGHT,2
LIGHT,148
LIGHT,0
LIGHT,0
LIGHT,0
LIGHT,0
LIGHT,142
LIGHT,0
LIGHT,0
LIGHT,0
LIGHT,0
LIGHT,143
LIGHT,0
LIGHT,0
LIGHT,0
LIGHT,0
LIGHT,0
LIGHT,0
LIGHT,0
LIGHT,141
LIGHT,0
LIGHT,0
LIGHT,0
LIGHT,113
LIGHT,0
LIGHT,0
LIGHT,0
LIGHT,128
LIGHT,0
LIGHT,0
LIGHT,52
LIGHT,0
LIGHT,0
LIGHT,0
LIGHT,175
LIGHT,0
LIGHT,0
LIGHT,101
LIGHT,0
LIGHT,0
LIGHT,80
LIGHT,67
LIGHT,0
LIGHT,0
LIGHT,168
LIGHT,0
LIGHT,0
LIGHT,165
LIGHT,0
LIGHT,0
LIGHT,130
LIGHT,0
LIGHT,0
LIGHT,161
LIGHT,0
LIGHT,0
LIGHT,179
LIGHT,0
LIGHT,0
LIGHT,153
LIGHT,0
LIGHT,0
LIGHT,157
LIGHT,0
LIGHT,0
LIGHT,160
LIGHT,0
LIGHT,0
LIGHT,157
LIGHT,0
LIGHT,0
LIGHT,175
LIGHT,0
LIGHT,0
LIGHT,148
LIGHT,0
LIGHT,0
LIGHT,207
LIGHT,0
LIGHT,0
LIGHT,179
LIGHT,0
LIGHT,0
LIGHT,116
LIGHT,0
LIGHT,131
LIGHT,0
LIGHT,0
LIGHT,168
LIGHT,0
LIGHT,0
LIGHT,208
LIGHT,0
LIGHT,0
LIGHT,195
LIGHT,0
LIGHT,0
LIGHT,210
LIGHT,0
LIGHT,0
LIGHT,122
LIGHT,0
LIGHT,0
LIGHT,0
LIGHT,123
LIGHT,0
LIGHT,0
LIGHT,24
LIGHT,184
LIGHT,0
LIGHT,0
LIGHT,150
LIGHT,189
LIGHT,0
LIGHT,0
LIGHT,122
LIGHT,167
LIGHT,0
LIGHT,0
LIGHT,214
LIGHT,135
LIGHT,0
LIGHT,0
LIGHT,230
LIGHT,0
LIGHT,0
LIGHT,0
LIGHT,205
LIGHT,0
LIGHT,0
LIGHT,280
LIGHT,51
LIGHT,0
LIGHT,0
LIGHT,201
LIGHT,0
LIGHT,0
LIGHT,224
LIGHT,40
LIGHT,0
LIGHT,0
LIGHT,246
LIGHT,0
LIGHT,0
LIGHT,220
LIGHT,0
LIGHT,0
LIGHT,95
LIGHT,170
LIGHT,0
LIGHT,0
LIGHT,287
LIGHT,0
LIGHT,0
LIGHT,248
LIGHT,0
LIGHT,0
LIGHT,109
LIGHT,181
LIGHT,0
LIGHT,0
LIGHT,247
LIGHT,0
LIGHT,0
LIGHT,206
LIGHT,4
LIGHT,0
LIGHT,55
LIGHT,218
LIGHT,0
LIGHT,0
LIGHT,295
LIGHT,0
LIGHT,0
LIGHT,176
LIGHT,225
LIGHT,0
LIGHT,0
LIGHT,265
LIGHT,0
LIGHT,0
LIGHT,312
LIGHT,126
LIGHT,0
LIGHT,0
LIGHT,306
LIGHT,0
LIGHT,0
LIGHT,341
LIGHT,0
LIGHT,0
LIGHT,233
LIGHT,194
LIGHT,0
LIGHT,50
LIGHT,327
LIGHT,0
LIGHT,0
LIGHT,345
LIGHT,0
LIGHT,0
LIGHT,316
LIGHT,0
LIGHT,0
LIGHT,288
LIGHT,0
LIGHT,0
LIGHT,344
LIGHT,0
LIGHT,0
LIGHT,372
LIGHT,0
LIGHT,0
LIGHT,363
LIGHT,0
LIGHT,0
LIGHT,378
LIGHT,0
LIGHT,0
LIGHT,365
LIGHT,0
LIGHT,0
LIGHT,416
LIGHT,0
LIGHT,0
LIGHT,458
LIGHT,0
LIGHT,0
LIGHT,427
LIGHT,0
LIGHT,0
LIGHT,445
LIGHT,0
LIGHT,0
LIGHT,451
LIGHT,0
LIGHT,0
LIGHT,405
LIGHT,0
LIGHT,0
LIGHT,415
LIGHT,6
LIGHT,0
LIGHT,391
LIGHT,178
LIGHT,0
LIGHT,0
LIGHT,415
LIGHT,0
LIGHT,0
LIGHT,385
LIGHT,373
LIGHT,0
LIGHT,0
LIGHT,355
LIGHT,354
LIGHT,0
LIGHT,0
LIGHT,180
LIGHT,447
LIGHT,41
LIGHT,0
LIGHT,0
LIGHT,413
LIGHT,382
LIGHT,0
LIGHT,0
LIGHT,0
LIGHT,421
LIGHT,412
LIGHT,0
LIGHT,0
LIGHT,0
LIGHT,429
LIGHT,439
LIGHT,11
LIGHT,0
LIGHT,0
LIGHT,387
LIGHT,472
LIGHT,21
LIGHT,0
LIGHT,0
LIGHT,456
LIGHT,425
LIGHT,0
LIGHT,0
LIGHT,0
LIGHT,496
LIGHT,139
LIGHT,0
LIGHT,0
LIGHT,464
LIGHT,354
LIGHT,0
LIGHT,0
LIGHT,449
LIGHT,417
LIGHT,0
LIGHT,0
LIGHT,483
LIGHT,376
LIGHT,0
LIGHT,0
LIGHT,508
LIGHT,283
LIGHT,0
LIGHT,0
LIGHT,580
LIGHT,101
LIGHT,0
LIGHT,83
LIGHT,545
LIGHT,0
LIGHT,0
LIGHT,506
LIGHT,398
LIGHT,0
LIGHT,0
LIGHT,538
LIGHT,23
LIGHT,0
LIGHT,343
LIGHT,509
LIGHT,0
LIGHT,0
LIGHT,545
LIGHT,250
LIGHT,0
LIGHT,0
LIGHT,575
LIGHT,56
LIGHT,0
LIGHT,0
LIGHT,542
LIGHT,28
LIGHT,0
LIGHT,0
LIGHT,578
LIGHT,123
LIGHT,0
LIGHT,0
LIGHT,585
LIGHT,400
LIGHT,0
LIGHT,0
LIGHT,429
LIGHT,552
LIGHT,21
LIGHT,0
LIGHT,0
LIGHT,577
LIGHT,341
LIGHT,0
LIGHT,0
LIGHT,358
LIGHT,557
LIGHT,21
LIGHT,0
LIGHT,0
LIGHT,540
LIGHT,453
LIGHT,0
LIGHT,0
LIGHT,455
LIGHT,520
LIGHT,0
LIGHT,0
LIGHT,450
LIGHT,505
LIGHT,0
LIGHT,0
LIGHT,624
LIGHT,210
LIGHT,0
LIGHT,0
LIGHT,578
LIGHT,0
LIGHT,0
LIGHT,491
LIGHT,434
LIGHT,0
LIGHT,0
LIGHT,593
LIGHT,47
LIGHT,0
LIGHT,204
LIGHT,506
LIGHT,0
LIGHT,0
LIGHT,497
LIGHT,351
LIGHT,0
LIGHT,0
LIGHT,616
LIGHT,14
LIGHT,0
LIGHT,451
LIGHT,486
LIGHT,0
LIGHT,0
LIGHT,597
LIGHT,44
LIGHT,0
LIGHT,146
LIGHT,616
LIGHT,0
LIGHT,0
LIGHT,0
LIGHT,0
LIGHT,0
LIGHT,0
LIGHT,0
LIGHT,0
LIGHT,0
LIGHT,0
LIGHT,0
LIGHT,0
LIGHT,0
LIGHT,0
LIGHT,0
LIGHT,0
LIGHT,0
LIGHT,0
LIGHT,0
LIGHT,0
LIGHT,0
LIGHT,0
LIGHT,0
LIGHT,0
LIGHT,0
LIGHT,0
LIGHT,0
LIGHT,0
LIGHT,0
LIGHT,0
LIGHT,0
LIGHT,0
LIGHT,0
LIGHT,0
LIGHT,0
LIGHT,0
LIGHT,0
LIGHT,0
LIGHT,0
LIGHT,0
LIGHT,0
LIGHT,0
LIGHT,0
LIGHT,0
LIGHT,0
LIGHT,0
LIGHT,0
LIGHT,0
LIGHT,0
LIGHT,0
LIGHT,0
LIGHT,0
LIGHT,0
LIGHT,0
LIGHT,0
LIGHT,0
LIGHT,0
LIGHT,0
LIGHT,7
LIGHT,0
LIGHT,0
LIGHT,0
LIGHT,0
LIGHT,0
LIGHT,0
LIGHT,0
LIGHT,0
LIGHT,0
LIGHT,0
LIGHT,0
LIGHT,0
LIGHT,0
LIGHT,0
LIGHT,0
LIGHT,0
LIGHT,0
LIGHT,0
LIGHT,0
LIGHT,0
LIGHT,0
LIGHT,0
LIGHT,0
LIGHT,0
LIGHT,0
LIGHT,0
LIGHT,0
LIGHT,0
LIGHT,0
LIGHT,0
LIGHT,0
LIGHT,0
LIGHT,0
LIGHT,0
LIGHT,0
LIGHT,0
LIGHT,0
LIGHT,0
LIGHT,0
LIGHT,0
LIGHT,0
LIGHT,120
LIGHT,150
LIGHT,0
LIGHT,0
LIGHT,132
LIGHT,0
LIGHT,203
LIGHT,52
LIGHT,0
LIGHT,0
LIGHT,0
LIGHT,0
LIGHT,316
LIGHT,0
LIGHT,0
LIGHT,365
LIGHT,0
LIGHT,0
LIGHT,0
LIGHT,0
LIGHT,315
LIGHT,0
LIGHT,0
LIGHT,394
LIGHT,0
LIGHT,0
LIGHT,261
LIGHT,0
LIGHT,317
LIGHT,0
LIGHT,0
LIGHT,430
LIGHT,0
LIGHT,23
LIGHT,221
LIGHT,0
LIGHT,394
LIGHT,0
LIGHT,0
LIGHT,417
LIGHT,0
LIGHT,452
LIGHT,0
LIGHT,0
LIGHT,321
LIGHT,0
LIGHT,376
LIGHT,0
LIGHT,0
LIGHT,197
LIGHT,0
LIGHT,521
LIGHT,0
LIGHT,0
LIGHT,377
LIGHT,0
LIGHT,485
LIGHT,23
LIGHT,0
LIGHT,481
LIGHT,0
LIGHT,0
LIGHT,453
LIGHT,0
LIGHT,68
LIGHT,356
LIGHT,0
LIGHT,317
LIGHT,156
LIGHT,0
LIGHT,490
LIGHT,31
LIGHT,0
LIGHT,503
LIGHT,0
LIGHT,0
LIGHT,523
LIGHT,0
LIGHT,0
LIGHT,513
LIGHT,0
LIGHT,22
LIGHT,438
LIGHT,0
LIGHT,394
LIGHT,128
LIGHT,0
LIGHT,544
LIGHT,0
LIGHT,0
LIGHT,550
LIGHT,0
LIGHT,276
LIGHT,200
LIGHT,0
LIGHT,582
LIGHT,0
LIGHT,0
LIGHT,526
LIGHT,0
LIGHT,460
LIGHT,16
LIGHT,0
LIGHT,529
LIGHT,0
LIGHT,66
LIGHT,311
LIGHT,0
LIGHT,509
LIGHT,0
LIGHT,0
LIGHT,497
LIGHT,0
LIGHT,0
LIGHT,445
LIGHT,0
LIGHT,479
LIGHT,128
LIGHT,0
LIGHT,524
LIGHT,11
LIGHT,0
LIGHT,514
LIGHT,0
LIGHT,0
LIGHT,549
LIGHT,0
LIGHT,69
LIGHT,370
LIGHT,0
LIGHT,547
LIGHT,0
LIGHT,0
LIGHT,518
LIGHT,0
LIGHT,470
LIGHT,3
LIGHT,0
LIGHT,509
LIGHT,0
LIGHT,545
LIGHT,0
LIGHT,0
LIGHT,376
LIGHT,0
LIGHT,571
LIGHT,0
LIGHT,20
LIGHT,311
LIGHT,0
LIGHT,589
LIGHT,0
LIGHT,0
LIGHT,568
LIGHT,0
LIGHT,417
LIGHT,154
LIGHT,0
LIGHT,554
LIGHT,0
LIGHT,0
LIGHT,612
LIGHT,0
LIGHT,0
LIGHT,472
LIGHT,0
LIGHT,304
LIGHT,126
LIGHT,0
LIGHT,563
LIGHT,0
LIGHT,0
LIGHT,593
LIGHT,0
LIGHT,246
LIGHT,144
LIGHT,0
LIGHT,550
LIGHT,0
LIGHT,0
LIGHT,507
LIGHT,0
LIGHT,478
LIGHT,33
LIGHT,0
LIGHT,583
LIGHT,0
LIGHT,102
LIGHT,376
LIGHT,0
LIGHT,548
LIGHT,19
LIGHT,0
LIGHT,612
LIGHT,0
LIGHT,76
LIGHT,420
LIGHT,0
LIGHT,546
LIGHT,75
LIGHT,0
LIGHT,580
LIGHT,0
LIGHT,0
LIGHT,608
LIGHT,0
LIGHT,0
LIGHT,553
LIGHT,0
LIGHT,0
LIGHT,552
LIGHT,0
LIGHT,0
LIGHT,596
LIGHT,0
LIGHT,0
LIGHT,554
LIGHT,0
LIGHT,0
LIGHT,530
LIGHT,168
LIGHT,0
LIGHT,244
LIGHT,552
LIGHT,0
LIGHT,0
LIGHT,630
LIGHT,0
LIGHT,0
LIGHT,598
LIGHT,0
LIGHT,0
LIGHT,546
LIGHT,50
LIGHT,0
LIGHT,590
LIGHT,89
LIGHT,0
LIGHT,499
LIGHT,70
LIGHT,0
LIGHT,552
LIGHT,10
LIGHT,0
LIGHT,540
LIGHT,0
LIGHT,0
LIGHT,608
LIGHT,0
LIGHT,436
LIGHT,158
LIGHT,0
LIGHT,582
LIGHT,0
LIGHT,0
LIGHT,640
LIGHT,0
LIGHT,199
LIGHT,407
LIGHT,0
LIGHT,536
LIGHT,78
LIGHT,0
LIGHT,605
LIGHT,0
LIGHT,0
LIGHT,620
LIGHT,0
LIGHT,0
LIGHT,599
LIGHT,0
LIGHT,0
LIGHT,630
LIGHT,0
LIGHT,0
LIGHT,545
LIGHT,75
LIGHT,0
LIGHT,348
LIGHT,585
LIGHT,0
LIGHT,0
LIGHT,642
LIGHT,361
LIGHT,0
LIGHT,0
LIGHT,600
LIGHT,121
LIGHT,0
LIGHT,53
LIGHT,662
LIGHT,0
LIGHT,0
LIGHT,598
LIGHT,114
LIGHT,0
LIGHT,329
LIGHT,529
LIGHT,0
LIGHT,0
LIGHT,649
LIGHT,0
LIGHT,0
LIGHT,618
LIGHT,0
LIGHT,0
LIGHT,640
LIGHT,0
LIGHT,0
LIGHT,649
LIGHT,0
LIGHT,0
LIGHT,609
LIGHT,0
LIGHT,313
LIGHT,304
LIGHT,0
LIGHT,600
LIGHT,65
LIGHT,0
LIGHT,587
LIGHT,0
LIGHT,0
LIGHT,661
LIGHT,0
LIGHT,161
LIGHT,542
LIGHT,0
LIGHT,526
LIGHT,207
LIGHT,0
LIGHT,570
LIGHT,102
LIGHT,0
LIGHT,656
LIGHT,88
LIGHT,0
LIGHT,624
LIGHT,113
LIGHT,0
LIGHT,577
LIGHT,302
LIGHT,0
LIGHT,286
LIGHT,570
LIGHT,0
LIGHT,0
LIGHT,732
LIGHT,0
LIGHT,0
LIGHT,658
LIGHT,207
LIGHT,6
LIGHT,124
LIGHT,690
LIGHT,0
LIGHT,0
LIGHT,536
LIGHT,301
LIGHT,0
LIGHT,0
LIGHT,625
LIGHT,168
LIGHT,0
LIGHT,0
LIGHT,591
LIGHT,495
LIGHT,0
LIGHT,0
LIGHT,310
LIGHT,681
LIGHT,101
LIGHT,0
LIGHT,0
LIGHT,523
LIGHT,648
LIGHT,87
LIGHT,10
LIGHT,0
LIGHT,307
LIGHT,673
LIGHT,348
LIGHT,0
LIGHT,0
LIGHT,65
LIGHT,638
LIGHT,281
LIGHT,0
LIGHT,0
LIGHT,463
LIGHT,667
LIGHT,70
LIGHT,0
LIGHT,0
LIGHT,577
LIGHT,466
LIGHT,0
LIGHT,0
LIGHT,327
LIGHT,710
LIGHT,38
LIGHT,0
LIGHT,0
LIGHT,697
LIGHT,55
LIGHT,1
LIGHT,0
LIGHT,644
LIGHT,77
LIGHT,0
LIGHT,124
LIGHT,662
LIGHT,32
LIGHT,0
LIGHT,201
LIGHT,716
LIGHT,10
LIGHT,0
LIGHT,253
LIGHT,670
LIGHT,0
LIGHT,0
LIGHT,412
LIGHT,706
LIGHT,30
LIGHT,0
LIGHT,359
LIGHT,736
LIGHT,0
LIGHT,0
LIGHT,387
LIGHT,678
LIGHT,31
LIGHT,0
LIGHT,280
LIGHT,656
LIGHT,25
LIGHT,0
LIGHT,162
LIGHT,673
LIGHT,28
LIGHT,0
LIGHT,17
LIGHT,645
LIGHT,30
LIGHT,0
LIGHT,0
LIGHT,678
LIGHT,122
LIGHT,19
LIGHT,0
LIGHT,631
LIGHT,317
LIGHT,17
LIGHT,0
LIGHT,608
LIGHT,427
LIGHT,0
LIGHT,0
LIGHT,437
LIGHT,595
LIGHT,0
LIGHT,0
LIGHT,468
LIGHT,711
LIGHT,0
LIGHT,0
LIGHT,119
LIGHT,716
LIGHT,39
LIGHT,4
LIGHT,0
LIGHT,651
LIGHT,258
LIGHT,0
LIGHT,0
LIGHT,516
LIGHT,675
LIGHT,5
LIGHT,0
LIGHT,325
LIGHT,737
LIGHT,99
LIGHT,4
LIGHT,0
LIGHT,676
LIGHT,113
LIGHT,39
LIGHT,0
LIGHT,621
LIGHT,280
LIGHT,0
LIGHT,0
LIGHT,614
LIGHT,524
LIGHT,28
LIGHT,0
LIGHT,517
LIGHT,632
LIGHT,24
MODERATE,0
MODERATE,0
MODERATE,0
MODERATE,0
MODERATE,0
MODERATE,0
MODERATE,0
MODERATE,0
MODERATE,0
MODERATE,0
MODERATE,0
MODERATE,0
MODERATE,0
MODERATE,0
MODERATE,0
MODERATE,0
MODERATE,0
MODERATE,0
MODERATE,0
MODERATE,0
MODERATE,0
MODERATE,0
MODERATE,0
MODERATE,0
MODERATE,0
MODERATE,0
MODERATE,0
MODERATE,0
MODERATE,0
MODERATE,0
MODERATE,0
MODERATE,0
MODERATE,0
MODERATE,0
MODERATE,0
MODERATE,208
MODERATE,326
MODERATE,0
MODERATE,461
MODERATE,64
MODERATE,0
MODERATE,529
MODERATE,3
MODERATE,0
MODERATE,596
MODERATE,0
MODERATE,166
MODERATE,507
MODERATE,0
MODERATE,572
MODERATE,94
MODERATE,0
MODERATE,597
MODERATE,0
MODERATE,316
MODERATE,268
MODERATE,0
MODERATE,589
MODERATE,0
MODERATE,449
MODERATE,121
MODERATE,0
MODERATE,576
MODERATE,0
MODERATE,612
MODERATE,24
MODERATE,0
MODERATE,550
MODERATE,0
MODERATE,631
MODERATE,60
MODERATE,0
MODERATE,591
MODERATE,0
MODERATE,304
MODERATE,484
MODERATE,0
MODERATE,508
MODERATE,351
MODERATE,0
MODERATE,484
MODERATE,490
MODERATE,0
MODERATE,134
MODERATE,592
MODERATE,32
MODERATE,0
MODERATE,570
MODERATE,508
MODERATE,0
MODERATE,0
MODERATE,613
MODERATE,141
MODERATE,1
MODERATE,418
MODERATE,545
MODERATE,2
MODERATE,0
MODERATE,613
MODERATE,151
MODERATE,9
MODERATE,316
MODERATE,574
MODERATE,43
MODERATE,0
MODERATE,547
MODERATE,513
MODERATE,13
MODERATE,0
MODERATE,602
MODERATE,328
MODERATE,18
MODERATE,0
MODERATE,582
MODERATE,209
MODERATE,20
MODERATE,19
MODERATE,586
MODERATE,260
MODERATE,25
MODERATE,0
MODERATE,582
MODERATE,383
MODERATE,27
MODERATE,0
MODERATE,561
MODERATE,530
MODERATE,51
MODERATE,4
MODERATE,386
MODERATE,559
MODERATE,140
MODERATE,38
MODERATE,72
MODERATE,572
MODERATE,299
MODERATE,42
MODERATE,0
MODERATE,571
MODERATE,473
MODERATE,44
MODERATE,0
MODERATE,544
MODERATE,505
MODERATE,47
MODERATE,0
MODERATE,565
MODERATE,435
MODERATE,47
MODERATE,0
MODERATE,566
MODERATE,277
MODERATE,50
MODERATE,119
MODERATE,566
MODERATE,148
MODERATE,34
MODERATE,315
MODERATE,563
MODERATE,92
MODERATE,8
MODERATE,489
MODERATE,541
MODERATE,55
MODERATE,0
MODERATE,570
MODERATE,298
MODERATE,49
MODERATE,204
MODERATE,562
MODERATE,78
MODERATE,0
MODERATE,570
MODERATE,343
MODERATE,50
MODERATE,124
MODERATE,566
MODERATE,147
MODERATE,40
MODERATE,257
MODERATE,569
MODERATE,188
MODERATE,52
MODERATE,0
MODERATE,570
MODERATE,538
MODERATE,99
MODERATE,44
MODERATE,48
MODERATE,574
MODERATE,538
MODERATE,97
MODERATE,49
MODERATE,15
MODERATE,571
MODERATE,546
MODERATE,120
MODERATE,47
MODERATE,56
MODERATE,574
MODERATE,478
MODERATE,61
MODERATE,10
MODERATE,387
MODERATE,567
MODERATE,168
MODERATE,52
MODERATE,75
MODERATE,573
MODERATE,280
MODERATE,55
MODERATE,0
MODERATE,574
MODERATE,277
MODERATE,56
MODERATE,96
MODERATE,568
MODERATE,135
MODERATE,23
MODERATE,492
MODERATE,528
MODERATE,50
MODERATE,48
MODERATE,568
MODERATE,86
MODERATE,0
MODERATE,573
MODERATE,145
MODERATE,9
MODERATE,573
MODERATE,214
MODERATE,31
MODERATE,540
MODERATE,354
MODERATE,53
MODERATE,383
MODERATE,545
MODERATE,58
MODERATE,10
MODERATE,567
MODERATE,137
MODERATE,24
MODERATE,474
MODERATE,546
MODERATE,67
MODERATE,0
MODERATE,547
MODERATE,535
MODERATE,68
MODERATE,0
MODERATE,458
MODERATE,563
MODERATE,146
MODERATE,56
MODERATE,0
MODERATE,557
MODERATE,561
MODERATE,179
MODERATE,56
MODERATE,0
MODERATE,311
MODERATE,574
MODERATE,533
MODERATE,123
MODERATE,54
MODERATE,0
MODERATE,312
MODERATE,574
MODERATE,543
MODERATE,142
MODERATE,56
MODERATE,0
MODERATE,265
MODERATE,575
MODERATE,548
MODERATE,172
MODERATE,58
MODERATE,17
MODERATE,102
MODERATE,561
MODERATE,563
MODERATE,318
MODERATE,68
MODERATE,52
MODERATE,0
MODERATE,401
MODERATE,574
MODERATE,546
MODERATE,177
MODERATE,57
MODERATE,39
MODERATE,0
MODERATE,457
MODERATE,575
MODERATE,538
MODERATE,163
MODERATE,59
MODERATE,31
MODERATE,0
MODERATE,500
MODERATE,573
MODERATE,535
MODERATE,163
MODERATE,60
MODERATE,38
MODERATE,0
MODERATE,444
MODERATE,573
MODERATE,541
MODERATE,166
MODERATE,58
MODERATE,30
MODERATE,0
MODERATE,493
MODERATE,571
MODERATE,534
MODERATE,170
MODERATE,58
MODERATE,36
MODERATE,0
MODERATE,478
MODERATE,571
MODERATE,535
MODERATE,156
MODERATE,54
MODERATE,39
MODERATE,0
MODERATE,386
MODERATE,572
MODERATE,561
MODERATE,410
MODERATE,130
MODERATE,57
MODERATE,42
MODERATE,0
MODERATE,208
MODERATE,542
MODERATE,571
MODERATE,549
MODERATE,341
MODERATE,117
MODERATE,57
MODERATE,43
MODERATE,0
MODERATE,253
MODERATE,565
MODERATE,567
MODERATE,517
MODERATE,166
MODERATE,62
MODERATE,54
MODERATE,0
MODERATE,197
MODERATE,554
MODERATE,569
MODERATE,517
MODERATE,159
MODERATE,66
MODERATE,47
MODERATE,0
MODERATE,266
MODERATE,569
MODERATE,565
MODERATE,506
MODERATE,168
MODERATE,69
MODERATE,50
MODERATE,0
MODERATE,285
MODERATE,573
MODERATE,560
MODERATE,337
MODERATE,82
MODERATE,57
MODERATE,0
MODERATE,263
MODERATE,574
MODERATE,558
MODERATE,291
MODERATE,73
MODERATE,58
MODERATE,0
MODERATE,188
MODERATE,561
MODERATE,567
MODERATE,477
MODERATE,137
MODERATE,57
MODERATE,36
MODERATE,0
MODERATE,360
MODERATE,573
MODERATE,562
MODERATE,423
MODERATE,132
MODERATE,59
MODERATE,50
MODERATE,0
MODERATE,146
MODERATE,500
MODERATE,573
MODERATE,562
MODERATE,507
MODERATE,200
MODERATE,89
MODERATE,55
MODERATE,49
MODERATE,0
MODERATE,6
MODERATE,316
MODERATE,544
MODERATE,573
MODERATE,565
MODERATE,546
MODERATE,460
MODERATE,233
MODERATE,138
MODERATE,69
MODERATE,55
MODERATE,57
MODERATE,36
MODERATE,0
MODERATE,0
MODERATE,123
MODERATE,333
MODERATE,480
MODERATE,540
MODERATE,559
MODERATE,566
MODERATE,568
MODERATE,561
MODERATE,562
MODERATE,559
MODERATE,563
MODERATE,570
MODERATE,573
MODERATE,572
MODERATE,571
MODERATE,573
MODERATE,569
MODERATE,566
MODERATE,563
MODERATE,556
MODERATE,543
MODERATE,529
MODERATE,424
MODERATE,273
MODERATE,169
MODERATE,111
MODERATE,62
MODERATE,56
MODERATE,56
MODERATE,35
MODERATE,0
MODERATE,0
MODERATE,216
MODERATE,480
MODERATE,571
MODERATE,565
MODERATE,555
MODERATE,529
MODERATE,339
MODERATE,182
MODERATE,111
MODERATE,64
MODERATE,57
MODERATE,56
MODERATE,55
MODERATE,34
MODERATE,6
MODERATE,0
MODERATE,0
MODERATE,110
MODERATE,272
MODERATE,439
MODERATE,555
MODERATE,567
MODERATE,559
MODERATE,523
MODERATE,200
MODERATE,64
MODERATE,54
MODERATE,0
MODERATE,431
MODERATE,561
MODERATE,339
MODERATE,58
MODERATE,4
MODERATE,409
MODERATE,558
MODERATE,165
MODERATE,57
MODERATE,48
MODERATE,566
MODERATE,339
MODERATE,56
MODERATE,0
MODERATE,567
MODERATE,428
MODERATE,57
MODERATE,0
MODERATE,555
MODERATE,530
MODERATE,65
MODERATE,13
MODERATE,432
MODERATE,554
MODERATE,144
MODERATE,56
MODERATE,0
MODERATE,568
MODERATE,533
MODERATE,105
MODERATE,56
MODERATE,0
MODERATE,534
MODERATE,552
MODERATE,224
MODERATE,61
MODERATE,22
MODERATE,147
MODERATE,565
MODERATE,544
MODERATE,202
MODERATE,65
MODERATE,32
MODERATE,50
MODERATE,546
MODERATE,548
MODERATE,269
MODERATE,60
MODERATE,44
MODERATE,0
MODERATE,496
MODERATE,552
MODERATE,438
MODERATE,99
MODERATE,59
MODERATE,0
MODERATE,171
MODERATE,551
MODERATE,556
MODERATE,473
MODERATE,143
MODERATE,58
MODERATE,49
MODERATE,0
MODERATE,237
MODERATE,551
MODERATE,556
MODERATE,517
MODERATE,181
MODERATE,60
MODERATE,56
MODERATE,3
MODERATE,36
MODERATE,440
MODERATE,566
MODERATE,552
MODERATE,456
MODERATE,156
MODERATE,58
MODERATE,55
MODERATE,19
MODERATE,0
MODERATE,399
MODERATE,563
MODERATE,549
MODERATE,417
MODERATE,121
MODERATE,55
MODERATE,40
MODERATE,0
MODERATE,296
MODERATE,565
MODERATE,558
MODERATE,498
MODERATE,163
MODERATE,69
MODERATE,52
MODERATE,0
MODERATE,414
MODERATE,562
MODERATE,519
MODERATE,137
MODERATE,55
MODERATE,19
MODERATE,62
MODERATE,531
MODERATE,556
MODERATE,474
MODERATE,114
MODERATE,55
MODERATE,18
MODERATE,88
MODERATE,537
MODERATE,553
MODERATE,484
MODERATE,136
MODERATE,57
MODERATE,40
MODERATE,0
MODERATE,303
MODERATE,564
MODERATE,553
MODERATE,508
MODERATE,168
MODERATE,57
MODERATE,54
MODERATE,0
MODERATE,130
MODERATE,527
MODERATE,555
MODERATE,525
MODERATE,191
MODERATE,63
MODERATE,54
MODERATE,0
MODERATE,117
MODERATE,514
MODERATE,560
MODERATE,535
MODERATE,141
MODERATE,0
MODERATE,0
MODERATE,379
MODERATE,57
MODERATE,8
MODERATE,247
MODERATE,371
MODERATE,0
MODERATE,0
MODERATE,369
MODERATE,335
MODERATE,5
MODERATE,0
MODERATE,380
MODERATE,139
MODERATE,10
MODERATE,0
MODERATE,412
MODERATE,79
MODERATE,22
MODERATE,209
MODERATE,427
MODERATE,29
MODERATE,12
MODERATE,369
MODERATE,429
MODERATE,18
MODERATE,0
MODERATE,410
MODERATE,430
MODERATE,28
MODERATE,0
MODERATE,426
MODERATE,434
MODERATE,26
MODERATE,0
MODERATE,439
MODERATE,436
MODERATE,30
MODERATE,0
MODERATE,443
MODERATE,432
MODERATE,26
MODERATE,0
MODERATE,456
MODERATE,385
MODERATE,27
MODERATE,0
MODERATE,472
MODERATE,148
MODERATE,40
MODERATE,262
MODERATE,457
MODERATE,35
MODERATE,0
MODERATE,477
MODERATE,170
MODERATE,39
MODERATE,276
MODERATE,461
MODERATE,36
MODERATE,0
MODERATE,483
MODERATE,148
MODERATE,32
MODERATE,349
MODERATE,463
MODERATE,38
MODERATE,0
MODERATE,486
MODERATE,146
MODERATE,35
MODERATE,299
MODERATE,470
MODERATE,45
MODERATE,0
MODERATE,481
MODERATE,313
MODERATE,41
MODERATE,128
MODERATE,479
MODERATE,46
MODERATE,0
MODERATE,482
MODERATE,49
MODERATE,0
MODERATE,481
MODERATE,40
MODERATE,248
MODERATE,378
MODERATE,28
MODERATE,493
MODERATE,59
MODERATE,97
MODERATE,383
MODERATE,19
MODERATE,490
MODERATE,42
MODERATE,462
MODERATE,96
MODERATE,69
MODERATE,364
MODERATE,10
MODERATE,490
MODERATE,43
MODERATE,379
MODERATE,189
MODERATE,0
MODERATE,490
MODERATE,47
MODERATE,225
MODERATE,396
MODERATE,40
MODERATE,478
MODERATE,168
MODERATE,5
MODERATE,496
MODERATE,95
MODERATE,0
MODERATE,490
MODERATE,84
MODERATE,0
MODERATE,494
MODERATE,99
MODERATE,0
MODERATE,497
MODERATE,128
MODERATE,2
MODERATE,497
MODERATE,136
MODERATE,0
MODERATE,497
MODERATE,108
MODERATE,0
MODERATE,495
MODERATE,58
MODERATE,166
MODERATE,462
MODERATE,49
MODERATE,485
MODERATE,125
MODERATE,0
MODERATE,493
MODERATE,47
MODERATE,353
MODERATE,271
MODERATE,17
MODERATE,500
MODERATE,54
MODERATE,116
MODERATE,469
MODERATE,46
MODERATE,498
MODERATE,106
MODERATE,0
MODERATE,486
MODERATE,50
MODERATE,487
MODERATE,128
MODERATE,0
MODERATE,490
MODERATE,49
MODERATE,463
MODERATE,165
MODERATE,0
MODERATE,498
MODERATE,52
MODERATE,281
MODERATE,349
MODERATE,29
MODERATE,502
MODERATE,90
MODERATE,0
MODERATE,495
MODERATE,48
MODERATE,285
MODERATE,414
MODERATE,47
MODERATE,475
MODERATE,195
MODERATE,20
MODERATE,504
MODERATE,121
MODERATE,0
MODERATE,503
MODERATE,68
MODERATE,0
MODERATE,500
MODERATE,54
MODERATE,0
MODERATE,502
MODERATE,51
MODERATE,0
MODERATE,504
MODERATE,68
MODERATE,0
MODERATE,505
MODERATE,122
MODERATE,0
MODERATE,506
MODERATE,198
MODERATE,36
MODERATE,449
MODERATE,378
MODERATE,50
MODERATE,296
MODERATE,484
MODERATE,50
MODERATE,163
MODERATE,493
MODERATE,51
MODERATE,72
MODERATE,498
MODERATE,61
MODERATE,11
MODERATE,501
MODERATE,58
MODERATE,8
MODERATE,502
MODERATE,51
MODERATE,101
MODERATE,490
MODERATE,49
MODERATE,245
MODERATE,474
MODERATE,52
MODERATE,428
MODERATE,281
MODERATE,24
MODERATE,508
MODERATE,96
MODERATE,0
MODERATE,492
MODERATE,50
MODERATE,456
MODERATE,180
MODERATE,0
MODERATE,506
MODERATE,50
MODERATE,373
MODERATE,229
MODERATE,0
MODERATE,507
MODERATE,52
MODERATE,331
MODERATE,282
MODERATE,18
MODERATE,510
MODERATE,64
MODERATE,11
MODERATE,494
MODERATE,50
MODERATE,355
MODERATE,355
MODERATE,40
MODERATE,500
MODERATE,165
MODERATE,3
MODERATE,512
MODERATE,106
MODERATE,0
MODERATE,510
MODERATE,84
MODERATE,0
MODERATE,509
MODERATE,68
MODERATE,0
MODERATE,508
MODERATE,105
MODERATE,6
MODERATE,502
MODERATE,366
MODERATE,51
MODERATE,0
MODERATE,512
MODERATE,201
MODERATE,49
MODERATE,36
MODERATE,517
MODERATE,239
MODERATE,51
MODERATE,0
MODERATE,513
MODERATE,333
MODERATE,50
MODERATE,0
MODERATE,500
MODERATE,491
MODERATE,69
MODERATE,24
MODERATE,246
MODERATE,508
MODERATE,242
MODERATE,50
MODERATE,0
MODERATE,435
MODERATE,507
MODERATE,161
MODERATE,51
MODERATE,0
MODERATE,483
MODERATE,501
MODERATE,119
MODERATE,49
MODERATE,114
MODERATE,513
MODERATE,240
MODERATE,48
MODERATE,0
MODERATE,515
MODERATE,263
MODERATE,52
MODERATE,0
MODERATE,516
MODERATE,292
MODERATE,50
MODERATE,0
MODERATE,518
MODERATE,327
MODERATE,49
MODERATE,0
MODERATE,513
MODERATE,471
MODERATE,54
MODERATE,0
MODERATE,409
MODERATE,508
MODERATE,136
MODERATE,50
MODERATE,0
MODERATE,516
MODERATE,475
MODERATE,59
MODERATE,30
MODERATE,150
MODERATE,520
MODERATE,412
MODERATE,50
MODERATE,16
MODERATE,264
MODERATE,515
MODERATE,288
MODERATE,50
MODERATE,2
MODERATE,260
MODERATE,518
MODERATE,468
MODERATE,88
MODERATE,50
MODERATE,0
MODERATE,304
MODERATE,513
MODERATE,486
MODERATE,139
MODERATE,50
MODERATE,15
MODERATE,108
MODERATE,515
MODERATE,501
MODERATE,152
MODERATE,48
MODERATE,0
MODERATE,310
MODERATE,517
MODERATE,407
MODERATE,61
MODERATE,42
MODERATE,7
MODERATE,517
MODERATE,494
MODERATE,109
MODERATE,49
MODERATE,19
MODERATE,519
MODERATE,420
MODERATE,49
MODERATE,0
MODERATE,458
MODERATE,496
MODERATE,77
MODERATE,18
MODERATE,363
MODERATE,502
MODERATE,71
MODERATE,0
MODERATE,502
MODERATE,377
MODERATE,49
MODERATE,151
MODERATE,506
MODERATE,50
MODERATE,0
MODERATE,515
MODERATE,84
MODERATE,0
MODERATE,514
MODERATE,72
MODERATE,0
MODERATE,506
MODERATE,53
MODERATE,219
MODERATE,466
MODERATE,50
MODERATE,505
MODERATE,128
MODERATE,0
MODERATE,503
MODERATE,51
MODERATE,465
MODERATE,153
MODERATE,0
MODERATE,499
MODERATE,50
MODERATE,504
MODERATE,105
MODERATE,21
MODERATE,491
MODERATE,49
MODERATE,499
MODERATE,156
MODERATE,0
MODERATE,513
MODERATE,54
MODERATE,0
MODERATE,505
MODERATE,53
MODERATE,99
MODERATE,499
MODERATE,48
MODERATE,134
MODERATE,495
MODERATE,46
MODERATE,185
MODERATE,491
MODERATE,48
MODERATE,270
MODERATE,483
MODERATE,49
MODERATE,381
MODERATE,379
MODERATE,45
MODERATE,489
MODERATE,182
MODERATE,2
MODERATE,516
MODERATE,66
MODERATE,33
MODERATE,493
MODERATE,46
MODERATE,400
MODERATE,274
MODERATE,16
MODERATE,519
MODERATE,63
MODERATE,40
MODERATE,493
MODERATE,45
MODERATE,477
MODERATE,174
MODERATE,0
MODERATE,514
MODERATE,44
MODERATE,228
MODERATE,393
MODERATE,25
MODERATE,517
MODERATE,50
MODERATE,205
MODERATE,343
MODERATE,7
MODERATE,513
MODERATE,46
MODERATE,473
MODERATE,122
MODERATE,0
MODERATE,486
MODERATE,36
MODERATE,517
MODERATE,70
MODERATE,27
MODERATE,491
MODERATE,47
MODERATE,449
MODERATE,210
MODERATE,9
MODERATE,517
MODERATE,65
MODERATE,0
MODERATE,498
MODERATE,43
MODERATE,359
MODERATE,323
MODERATE,23
MODERATE,521
MODERATE,101
MODERATE,0
MODERATE,508
MODERATE,45
MODERATE,341
MODERATE,311
MODERATE,16
MODERATE,516
MODERATE,65
MODERATE,146
MODERATE,441
MODERATE,25
MODERATE,515
MODERATE,52
MODERATE,245
MODERATE,285
MODERATE,0
MODERATE,510
MODERATE,48
MODERATE,336
MODERATE,275
MODERATE,13
MODERATE,516
MODERATE,64
MODERATE,17
MODERATE,493
MODERATE,44
MODERATE,317
MODERATE,436
MODERATE,46
MODERATE,416
MODERATE,369
MODERATE,46
MODERATE,421
MODERATE,381
MODERATE,45
MODERATE,397
MODERATE,421
MODERATE,45
MODERATE,358
MODERATE,463
MODERATE,45
MODERATE,350
MODERATE,439
MODERATE,46
MODERATE,457
MODERATE,222
MODERATE,11
MODERATE,516
MODERATE,62
MODERATE,73
MODERATE,481
MODERATE,39
MODERATE,517
MODERATE,61
MODERATE,142
MODERATE,399
MODERATE,14
MODERATE,513
MODERATE,44
MODERATE,460
MODERATE,123
MODERATE,11
MODERATE,460
MODERATE,20
MODERATE,515
MODERATE,45
MODERATE,268
MODERATE,351
MODERATE,25
MODERATE,512
MODERATE,184
MODERATE,23
MODERATE,479
MODERATE,424
MODERATE,44
MODERATE,0
MODERATE,517
MODERATE,219
MODERATE,42
MODERATE,0
MODERATE,517
MODERATE,463
MODERATE,59
MODERATE,17
MODERATE,207
MODERATE,513
MODERATE,335
MODERATE,40
MODERATE,11
MODERATE,269
MODERATE,513
MODERATE,258
MODERATE,39
MODERATE,0
MODERATE,482
MODERATE,486
MODERATE,54
MODERATE,10
MODERATE,273
MODERATE,40
MODERATE,0
MODERATE,174
MODERATE,263
MODERATE,0
MODERATE,0
MODERATE,258
MODERATE,0
MODERATE,0
MODERATE,257
MODERATE,12
MODERATE,0
MODERATE,315
MODERATE,46
MODERATE,5
MODERATE,277
MODERATE,58
MODERATE,3
MODERATE,317
MODERATE,35
MODERATE,0
MODERATE,327
MODERATE,0
MODERATE,0
MODERATE,322
MODERATE,1
MODERATE,228
MODERATE,172
MODERATE,8
MODERATE,360
MODERATE,33
MODERATE,0
MODERATE,354
MODERATE,3
MODERATE,72
MODERATE,352
MODERATE,11
MODERATE,259
MODERATE,245
MODERATE,19
MODERATE,372
MODERATE,90
MODERATE,0
MODERATE,369
MODERATE,2
MODERATE,89
MODERATE,353
MODERATE,23
MODERATE,386
MODERATE,62
MODERATE,0
MODERATE,371
MODERATE,18
MODERATE,352
MODERATE,105
MODERATE,0
MODERATE,380
MODERATE,15
MODERATE,316
MODERATE,130
MODERATE,0
MODERATE,390
MODERATE,16
MODERATE,1
MODERATE,375
MODERATE,17
MODERATE,168
MODERATE,376
MODERATE,18
MODERATE,184
MODERATE,379
MODERATE,15
MODERATE,70
MODERATE,385
MODERATE,15
MODERATE,0
MODERATE,395
MODERATE,87
MODERATE,13
MODERATE,377
MODERATE,321
MODERATE,20
MODERATE,79
MODERATE,392
MODERATE,27
MODERATE,0
MODERATE,405
MODERATE,129
MODERATE,22
MODERATE,342
MODERATE,353
MODERATE,20
MODERATE,151
MODERATE,386
MODERATE,18
MODERATE,3
MODERATE,393
MODERATE,14
MODERATE,0
MODERATE,392
MODERATE,11
MODERATE,36
MODERATE,388
MODERATE,18
MODERATE,224
MODERATE,326
MODERATE,26
MODERATE,391
MODERATE,130
MODERATE,11
MODERATE,408
MODERATE,48
MODERATE,0
MODERATE,401
MODERATE,17
MODERATE,123
MODERATE,387
MODERATE,29
MODERATE,385
MODERATE,121
MODERATE,0
MODERATE,405
MODERATE,20
MODERATE,258
MODERATE,189
MODERATE,0
MODERATE,405
MODERATE,19
MODERATE,364
MODERATE,99
MODERATE,0
MODERATE,388
MODERATE,28
MODERATE,414
MODERATE,60
MODERATE,0
MODERATE,393
MODERATE,21
MODERATE,319
MODERATE,229
MODERATE,19
MODERATE,414
MODERATE,106
MODERATE,0
MODERATE,416
MODERATE,81
MODERATE,0
MODERATE,415
MODERATE,113
MODERATE,15
MODERATE,397
MODERATE,276
MODERATE,24
MODERATE,165
MODERATE,396
MODERATE,18
MODERATE,0
MODERATE,415
MODERATE,128
MODERATE,21
MODERATE,318
MODERATE,390
MODERATE,19
MODERATE,46
MODERATE,402
MODERATE,16
MODERATE,0
MODERATE,408
MODERATE,20
MODERATE,0
MODERATE,398
MODERATE,14
MODERATE,226
MODERATE,309
MODERATE,23
MODERATE,417
MODERATE,62
MODERATE,0
MODERATE,397
MODERATE,22
MODERATE,395
MODERATE,81
MODERATE,0
MODERATE,388
MODERATE,19
MODERATE,412
MODERATE,17
MODERATE,374
MODERATE,64
MODERATE,69
MODERATE,242
MODERATE,0
MODERATE,405
MODERATE,15
MODERATE,315
MODERATE,233
MODERATE,19
MODERATE,407
MODERATE,167
MODERATE,21
MODERATE,346
MODERATE,376
MODERATE,12
MODERATE,0
MODERATE,414
MODERATE,104
MODERATE,27
MODERATE,181
MODERATE,406
MODERATE,61
MODERATE,16
MODERATE,270
MODERATE,394
MODERATE,23
MODERATE,0
MODERATE,395
MODERATE,378
MODERATE,12
MODERATE,0
MODERATE,421
MODERATE,264
MODERATE,12
MODERATE,0
MODERATE,418
MODERATE,210
MODERATE,14
MODERATE,0
MODERATE,416
MODERATE,128
MODERATE,24
MODERATE,178
MODERATE,397
MODERATE,21
MODERATE,0
MODERATE,418
MODERATE,223
MODERATE,19
MODERATE,173
MODERATE,387
MODERATE,5
MODERATE,0
MODERATE,403
MODERATE,16
MODERATE,0
MODERATE,405
MODERATE,18
MODERATE,0
MODERATE,397
MODERATE,4
MODERATE,120
MODERATE,379
MODERATE,18
MODERATE,371
MODERATE,120
MODERATE,0
MODERATE,390
MODERATE,12
MODERATE,61
MODERATE,365
MODERATE,24
MODERATE,388
MODERATE,72
MODERATE,0
MODERATE,384
MODERATE,7
MODERATE,184
MODERATE,347
MODERATE,20
MODERATE,367
MODERATE,172
MODERATE,9
MODERATE,404
MODERATE,95
MODERATE,0
MODERATE,404
MODERATE,58
MODERATE,0
MODERATE,402
MODERATE,53
MODERATE,0
MODERATE,407
MODERATE,60
MODERATE,0
MODERATE,408
MODERATE,57
MODERATE,0
MODERATE,406
MODERATE,43
MODERATE,0
MODERATE,402
MODERATE,18
MODERATE,0
MODERATE,395
MODERATE,0
MODERATE,13
MODERATE,379
MODERATE,2
MODERATE,285
MODERATE,230
MODERATE,4
MODERATE,416
MODERATE,29
MODERATE,0
MODERATE,379
MODERATE,2
MODERATE,374
MODERATE,99
MODERATE,0
MODERATE,399
MODERATE,0
MODERATE,289
MODERATE,149
MODERATE,0
MODERATE,404
MODERATE,0
MODERATE,322
MODERATE,128
MODERATE,0
MODERATE,405
MODERATE,0
MODERATE,158
MODERATE,354
MODERATE,10
MODERATE,400
MODERATE,122
MODERATE,2
MODERATE,421
MODERATE,60
MODERATE,0
MODERATE,415
MODERATE,19
MODERATE,0
MODERATE,402
MODERATE,0
MODERATE,62
MODERATE,379
MODERATE,0
MODERATE,258
MODERATE,322
MODERATE,11
MODERATE,400
MODERATE,124
MODERATE,2
MODERATE,422
MODERATE,35
MODERATE,0
MODERATE,406
MODERATE,0
MODERATE,60
MODERATE,381
MODERATE,0
MODERATE,320
MODERATE,255
MODERATE,6
MODERATE,410
MODERATE,114
MODERATE,0
MODERATE,423
MODERATE,75
MODERATE,0
MODERATE,419
MODERATE,52
MODERATE,0
MODERATE,422
MODERATE,43
MODERATE,0
MODERATE,417
MODERATE,21
MODERATE,0
MODERATE,411
MODERATE,10
MODERATE,0
MODERATE,409
MODERATE,4
MODERATE,0
MODERATE,401
MODERATE,0
MODERATE,0
MODERATE,399
MODERATE,0
MODERATE,0
MODERATE,389
MODERATE,0
MODERATE,85
MODERATE,376
MODERATE,0
MODERATE,181
MODERATE,368
MODERATE,0
MODERATE,275
MODERATE,340
MODERATE,0
MODERATE,338
MODERATE,273
MODERATE,7
MODERATE,381
MODERATE,186
MODERATE,2
MODERATE,422
MODERATE,2
MODERATE,51
MODERATE,329
MODERATE,0
MODERATE,409
MODERATE,0
MODERATE,404
MODERATE,18
MODERATE,81
MODERATE,245
MODERATE,0
MODERATE,395
MODERATE,0
MODERATE,426
MODERATE,0
MODERATE,117
MODERATE,239
MODERATE,0
MODERATE,402
MODERATE,0
MODERATE,372
MODERATE,75
MODERATE,0
MODERATE,397
MODERATE,0
MODERATE,293
MODERATE,279
MODERATE,0
MODERATE,299
MODERATE,369
MODERATE,0
MODERATE,0
MODERATE,406
MODERATE,377
MODERATE,51
MODERATE,0
MODERATE,0
MODERATE,317
MODERATE,413
MODERATE,350
MODERATE,36
MODERATE,0
MODERATE,0
MODERATE,98
MODERATE,423
MODERATE,394
MODERATE,188
MODERATE,0
MODERATE,0
MODERATE,0
MODERATE,358
MODERATE,405
MODERATE,197
MODERATE,0
MODERATE,0
MODERATE,212
MODERATE,410
MODERATE,187
MODERATE,0
MODERATE,0
MODERATE,396
MODERATE,374
MODERATE,0
MODERATE,0
MODERATE,296
MODERATE,388
MODERATE,28
MODERATE,0
MODERATE,213
MODERATE,394
MODERATE,27
MODERATE,0
MODERATE,331
MODERATE,369
MODERATE,0
MODERATE,0
MODERATE,419
MODERATE,88
MODERATE,2
MODERATE,295
MODERATE,366
MODERATE,0
MODERATE,0
MODERATE,405
MODERATE,9
MODERATE,0
MODERATE,420
MODERATE,61
MODERATE,0
MODERATE,417
MODERATE,32
MODERATE,0
MODERATE,387
MODERATE,0
MODERATE,256
MODERATE,185
MODERATE,0
MODERATE,407
MODERATE,0
MODERATE,336
MODERATE,87
MODERATE,0
MODERATE,367
MODERATE,2
MODERATE,413
MODERATE,0
MODERATE,406
MODERATE,11
MODERATE,103
MODERATE,229
MODERATE,0
MODERATE,406
MODERATE,0
MODERATE,90
MODERATE,375
MODERATE,0
MODERATE,70
MODERATE,398
MODERATE,9
MODERATE,0
MODERATE,402
MODERATE,365
MODERATE,0
MODERATE,0
MODERATE,325
MODERATE,396
MODERATE,58
MODERATE,1
MODERATE,0
MODERATE,425
MODERATE,367
MODERATE,2
MODERATE,3
MODERATE,137
MODERATE,419
MODERATE,270
MODERATE,0
MODERATE,0
MODERATE,201
MODERATE,414
MODERATE,214
MODERATE,0
MODERATE,0
MODERATE,400
MODERATE,375
MODERATE,0
MODERATE,1
MODERATE,365
MODERATE,377
MODERATE,9
MODERATE,0
MODERATE,375
MODERATE,380
MODERATE,0
MODERATE,0
MODERATE,415
MODERATE,339
MODERATE,0
MODERATE,0
MODERATE,419
MODERATE,142
MODERATE,0
MODERATE,94
MODERATE,404
MODERATE,62
MODERATE,5
MODERATE,198
MODERATE,402
MODERATE,59
MODERATE,7
MODERATE,175
MODERATE,409
MODERATE,88
MODERATE,0
MODERATE,0
MODERATE,424
MODERATE,251
MODERATE,0
MODERATE,0
MODERATE,417
MODERATE,378
MODERATE,8
MODERATE,3
MODERATE,273
MODERATE,405
MODERATE,61
MODERATE,8
MODERATE,152
MODERATE,412
MODERATE,89
MODERATE,8
MODERATE,117
MODERATE,410
MODERATE,50
MODERATE,0
MODERATE,415
MODERATE,221
MODERATE,11
MODERATE,382
SEVERE,271
SEVERE,20
SEVERE,0
SEVERE,0
SEVERE,245
SEVERE,22
SEVERE,0
SEVERE,88
SEVERE,201
SEVERE,0
SEVERE,0
SEVERE,249
SEVERE,95
SEVERE,0
SEVERE,134
SEVERE,293
SEVERE,0
SEVERE,0
SEVERE,306
SEVERE,0
SEVERE,0
SEVERE,328
SEVERE,0
SEVERE,0
SEVERE,314
SEVERE,0
SEVERE,0
SEVERE,331
SEVERE,0
SEVERE,0
SEVERE,325
SEVERE,0
SEVERE,0
SEVERE,335
SEVERE,0
SEVERE,0
SEVERE,352
SEVERE,0
SEVERE,0
SEVERE,368
SEVERE,0
SEVERE,0
SEVERE,378
SEVERE,0
SEVERE,0
SEVERE,382
SEVERE,0
SEVERE,34
SEVERE,376
SEVERE,1
SEVERE,214
SEVERE,320
SEVERE,14
SEVERE,394
SEVERE,83
SEVERE,0
SEVERE,391
SEVERE,1
SEVERE,181
SEVERE,281
SEVERE,9
SEVERE,400
SEVERE,4
SEVERE,146
SEVERE,266
SEVERE,1
SEVERE,393
SEVERE,9
SEVERE,246
SEVERE,206
SEVERE,0
SEVERE,397
SEVERE,5
SEVERE,148
SEVERE,340
SEVERE,20
SEVERE,405
SEVERE,43
SEVERE,0
SEVERE,388
SEVERE,15
SEVERE,274
SEVERE,248
SEVERE,16
SEVERE,401
SEVERE,75
SEVERE,0
SEVERE,393
SEVERE,54
SEVERE,0
SEVERE,390
SEVERE,87
SEVERE,1
SEVERE,394
SEVERE,184
SEVERE,24
SEVERE,291
SEVERE,370
SEVERE,17
SEVERE,115
SEVERE,384
SEVERE,16
SEVERE,72
SEVERE,385
SEVERE,17
SEVERE,148
SEVERE,379
SEVERE,19
SEVERE,278
SEVERE,310
SEVERE,25
SEVERE,384
SEVERE,142
SEVERE,3
SEVERE,405
SEVERE,61
SEVERE,0
SEVERE,397
SEVERE,14
SEVERE,72
SEVERE,383
SEVERE,21
SEVERE,314
SEVERE,226
SEVERE,14
SEVERE,408
SEVERE,58
SEVERE,0
SEVERE,397
SEVERE,17
SEVERE,157
SEVERE,378
SEVERE,26
SEVERE,369
SEVERE,181
SEVERE,13
SEVERE,409
SEVERE,104
SEVERE,0
SEVERE,408
SEVERE,84
SEVERE,0
SEVERE,408
SEVERE,102
SEVERE,9
SEVERE,409
SEVERE,165
SEVERE,26
SEVERE,321
SEVERE,383
SEVERE,17
SEVERE,0
SEVERE,407
SEVERE,118
SEVERE,28
SEVERE,165
SEVERE,402
SEVERE,101
SEVERE,26
SEVERE,15
SEVERE,414
SEVERE,360
SEVERE,19
SEVERE,15
SEVERE,160
SEVERE,407
SEVERE,352
SEVERE,25
SEVERE,26
SEVERE,0
SEVERE,373
SEVERE,404
SEVERE,320
SEVERE,43
SEVERE,23
SEVERE,0
SEVERE,210
SEVERE,411
SEVERE,394
SEVERE,126
SEVERE,21
SEVERE,28
SEVERE,0
SEVERE,361
SEVERE,406
SEVERE,352
SEVERE,45
SEVERE,27
SEVERE,0
SEVERE,333
SEVERE,404
SEVERE,256
SEVERE,21
SEVERE,24
SEVERE,74
SEVERE,412
SEVERE,391
SEVERE,64
SEVERE,29
SEVERE,0
SEVERE,373
SEVERE,400
SEVERE,220
SEVERE,18
SEVERE,28
SEVERE,27
SEVERE,407
SEVERE,396
SEVERE,141
SEVERE,22
SEVERE,16
SEVERE,66
SEVERE,407
SEVERE,399
SEVERE,172
SEVERE,32
SEVERE,32
SEVERE,0
SEVERE,321
SEVERE,408
SEVERE,391
SEVERE,96
SEVERE,20
SEVERE,18
SEVERE,20
SEVERE,395
SEVERE,396
SEVERE,235
SEVERE,18
SEVERE,33
SEVERE,0
SEVERE,331
SEVERE,403
SEVERE,377
SEVERE,67
SEVERE,25
SEVERE,8
SEVERE,91
SEVERE,407
SEVERE,396
SEVERE,230
SEVERE,30
SEVERE,31
SEVERE,0
SEVERE,236
SEVERE,407
SEVERE,393
SEVERE,197
SEVERE,24
SEVERE,25
SEVERE,8
SEVERE,21
SEVERE,353
SEVERE,404
SEVERE,392
SEVERE,220
SEVERE,45
SEVERE,25
SEVERE,15
SEVERE,8
SEVERE,360
SEVERE,403
SEVERE,388
SEVERE,111
SEVERE,29
SEVERE,33
SEVERE,0
SEVERE,326
SEVERE,404
SEVERE,382
SEVERE,70
SEVERE,26
SEVERE,11
SEVERE,76
SEVERE,391
SEVERE,400
SEVERE,360
SEVERE,77
SEVERE,24
SEVERE,24
SEVERE,0
SEVERE,300
SEVERE,406
SEVERE,393
SEVERE,174
SEVERE,21
SEVERE,31
SEVERE,0
SEVERE,81
SEVERE,377
SEVERE,406
SEVERE,393
SEVERE,325
SEVERE,124
SEVERE,49
SEVERE,34
SEVERE,26
SEVERE,32
SEVERE,32
SEVERE,7
SEVERE,0
SEVERE,8
SEVERE,180
SEVERE,337
SEVERE,401
SEVERE,402
SEVERE,392
SEVERE,380
SEVERE,142
SEVERE,38
SEVERE,25
SEVERE,34
SEVERE,0
SEVERE,69
SEVERE,349
SEVERE,404
SEVERE,394
SEVERE,343
SEVERE,99
SEVERE,21
SEVERE,30
SEVERE,10
SEVERE,0
SEVERE,233
SEVERE,402
SEVERE,399
SEVERE,389
SEVERE,161
SEVERE,30
SEVERE,27
SEVERE,24
SEVERE,0
SEVERE,226
SEVERE,403
SEVERE,394
SEVERE,364
SEVERE,91
SEVERE,25
SEVERE,33
SEVERE,0
SEVERE,172
SEVERE,398
SEVERE,394
SEVERE,337
SEVERE,77
SEVERE,24
SEVERE,31
SEVERE,0
SEVERE,236
SEVERE,400
SEVERE,391
SEVERE,251
SEVERE,44
SEVERE,27
SEVERE,10
SEVERE,66
SEVERE,380
SEVERE,396
SEVERE,387
SEVERE,104
SEVERE,29
SEVERE,35
SEVERE,0
SEVERE,283
SEVERE,398
SEVERE,388
SEVERE,83
SEVERE,26
SEVERE,0
SEVERE,185
SEVERE,401
SEVERE,388
SEVERE,47
SEVERE,35
SEVERE,0
SEVERE,390
SEVERE,389
SEVERE,70
SEVERE,35
SEVERE,41
SEVERE,402
SEVERE,301
SEVERE,29
SEVERE,0
SEVERE,395
SEVERE,389
SEVERE,23
SEVERE,0
SEVERE,399
SEVERE,299
SEVERE,24
SEVERE,6
SEVERE,398
SEVERE,103
SEVERE,36
SEVERE,265
SEVERE,388
SEVERE,22
SEVERE,0
SEVERE,401
SEVERE,129
SEVERE,35
SEVERE,329
SEVERE,385
SEVERE,29
SEVERE,133
SEVERE,393
SEVERE,29
SEVERE,39
SEVERE,393
SEVERE,25
SEVERE,24
SEVERE,392
SEVERE,29
SEVERE,167
SEVERE,391
SEVERE,37
SEVERE,379
SEVERE,130
SEVERE,0
SEVERE,397
SEVERE,29
SEVERE,209
SEVERE,259
SEVERE,15
SEVERE,399
SEVERE,29
SEVERE,285
SEVERE,161
SEVERE,0
SEVERE,390
SEVERE,34
SEVERE,362
SEVERE,124
SEVERE,0
SEVERE,396
SEVERE,30
SEVERE,288
SEVERE,192
SEVERE,0
SEVERE,398
SEVERE,32
SEVERE,216
SEVERE,253
SEVERE,13
SEVERE,399
SEVERE,23
SEVERE,131
SEVERE,341
SEVERE,31
SEVERE,399
SEVERE,34
SEVERE,35
SEVERE,394
SEVERE,38
SEVERE,387
SEVERE,113
SEVERE,0
SEVERE,392
SEVERE,29
SEVERE,77
SEVERE,379
SEVERE,31
SEVERE,162
SEVERE,389
SEVERE,32
SEVERE,0
SEVERE,413
SEVERE,125
SEVERE,38
SEVERE,165
SEVERE,397
SEVERE,116
SEVERE,34
SEVERE,5
SEVERE,401
SEVERE,372
SEVERE,28
SEVERE,17
SEVERE,207
SEVERE,400
SEVERE,253
SEVERE,36
SEVERE,15
SEVERE,219
SEVERE,402
SEVERE,267
SEVERE,27
SEVERE,14
SEVERE,223
SEVERE,400
SEVERE,205
SEVERE,32
SEVERE,0
SEVERE,390
SEVERE,396
SEVERE,33
SEVERE,15
SEVERE,324
SEVERE,394
SEVERE,64
SEVERE,33
SEVERE,212
SEVERE,395
SEVERE,95
SEVERE,38
SEVERE,99
SEVERE,398
SEVERE,167
SEVERE,34
SEVERE,2
SEVERE,399
SEVERE,251
SEVERE,33
SEVERE,0
SEVERE,394
SEVERE,261
SEVERE,35
SEVERE,0
SEVERE,398
SEVERE,266
SEVERE,34
SEVERE,0
SEVERE,396
SEVERE,218
SEVERE,35
SEVERE,14
SEVERE,400
SEVERE,189
SEVERE,34
SEVERE,13
SEVERE,401
SEVERE,227
SEVERE,34
SEVERE,0
SEVERE,395
SEVERE,378
SEVERE,34
SEVERE,12
SEVERE,293
SEVERE,393
SEVERE,130
SEVERE,35
SEVERE,0
SEVERE,379
SEVERE,393
SEVERE,100
SEVERE,37
SEVERE,0
SEVERE,392
SEVERE,388
SEVERE,61
SEVERE,35
SEVERE,113
SEVERE,396
SEVERE,269
SEVERE,33
SEVERE,0
SEVERE,364
SEVERE,390
SEVERE,69
SEVERE,39
SEVERE,154
SEVERE,394
SEVERE,115
SEVERE,38
SEVERE,81
SEVERE,395
SEVERE,114
SEVERE,38
SEVERE,224
SEVERE,390
SEVERE,29
SEVERE,0
SEVERE,395
SEVERE,87
SEVERE,10
SEVERE,395
SEVERE,185
SEVERE,38
SEVERE,284
SEVERE,388
SEVERE,31
SEVERE,0
SEVERE,396
SEVERE,223
SEVERE,34
SEVERE,47
SEVERE,397
SEVERE,125
SEVERE,38
SEVERE,143
SEVERE,393
SEVERE,77
SEVERE,36
SEVERE,230
SEVERE,389
SEVERE,92
SEVERE,39
SEVERE,50
SEVERE,392
SEVERE,382
SEVERE,38
SEVERE,36
SEVERE,1
SEVERE,381
SEVERE,388
SEVERE,215
SEVERE,27
SEVERE,37
SEVERE,0
SEVERE,337
SEVERE,392
SEVERE,349
SEVERE,44
SEVERE,37
SEVERE,0
SEVERE,355
SEVERE,390
SEVERE,170
SEVERE,35
SEVERE,0
SEVERE,246
SEVERE,392
SEVERE,277
SEVERE,26
SEVERE,25
SEVERE,94
SEVERE,391
SEVERE,387
SEVERE,79
SEVERE,34
SEVERE,0
SEVERE,293
SEVERE,391
SEVERE,317
SEVERE,31
SEVERE,37
SEVERE,0
SEVERE,360
SEVERE,388
SEVERE,233
SEVERE,29
SEVERE,35
SEVERE,7
SEVERE,383
SEVERE,387
SEVERE,172
SEVERE,34
SEVERE,33
SEVERE,6
SEVERE,367
SEVERE,389
SEVERE,333
SEVERE,74
SEVERE,35
SEVERE,13
SEVERE,29
SEVERE,360
SEVERE,390
SEVERE,389
SEVERE,123
SEVERE,31
SEVERE,39
SEVERE,0
SEVERE,137
SEVERE,374
SEVERE,388
SEVERE,384
SEVERE,178
SEVERE,42
SEVERE,34
SEVERE,36
SEVERE,0
SEVERE,0
SEVERE,208
SEVERE,365
SEVERE,389
SEVERE,389
SEVERE,382
SEVERE,298
SEVERE,125
SEVERE,45
SEVERE,41
SEVERE,34
SEVERE,36
SEVERE,13
SEVERE,0
SEVERE,13
SEVERE,183
SEVERE,318
SEVERE,380
SEVERE,387
SEVERE,383
SEVERE,384
SEVERE,387
SEVERE,234
SEVERE,117
SEVERE,45
SEVERE,23
SEVERE,35
SEVERE,36
SEVERE,21
SEVERE,0
SEVERE,0
SEVERE,41
SEVERE,161
SEVERE,275
SEVERE,348
SEVERE,356
SEVERE,6
SEVERE,189
SEVERE,161
SEVERE,9
SEVERE,296
SEVERE,55
SEVERE,0
SEVERE,300
SEVERE,2
SEVERE,0
SEVERE,342
SEVERE,1
SEVERE,94
SEVERE,349
SEVERE,32
SEVERE,202
SEVERE,370
SEVERE,18
SEVERE,167
SEVERE,364
SEVERE,25
SEVERE,118
SEVERE,358
SEVERE,22
SEVERE,0
SEVERE,369
SEVERE,60
SEVERE,10
SEVERE,357
SEVERE,301
SEVERE,32
SEVERE,83
SEVERE,384
SEVERE,32
SEVERE,0
SEVERE,391
SEVERE,104
SEVERE,16
SEVERE,378
SEVERE,163
SEVERE,27
SEVERE,390
SEVERE,130
SEVERE,7
SEVERE,397
SEVERE,35
SEVERE,19
SEVERE,396
SEVERE,36
SEVERE,394
SEVERE,73
SEVERE,0
SEVERE,401
SEVERE,38
SEVERE,403
SEVERE,36
SEVERE,182
SEVERE,255
SEVERE,0
SEVERE,403
SEVERE,38
SEVERE,298
SEVERE,196
SEVERE,8
SEVERE,406
SEVERE,58
SEVERE,0
SEVERE,403
SEVERE,43
SEVERE,72
SEVERE,404
SEVERE,39
SEVERE,104
SEVERE,403
SEVERE,44
SEVERE,18
SEVERE,404
SEVERE,43
SEVERE,0
SEVERE,405
SEVERE,116
SEVERE,23
SEVERE,366
SEVERE,389
SEVERE,42
SEVERE,30
SEVERE,406
SEVERE,73
SEVERE,0
SEVERE,400
SEVERE,215
SEVERE,42
SEVERE,306
SEVERE,407
SEVERE,41
SEVERE,153
SEVERE,404
SEVERE,45
SEVERE,5
SEVERE,405
SEVERE,50
SEVERE,0
SEVERE,405
SEVERE,109
SEVERE,15
SEVERE,382
SEVERE,320
SEVERE,40
SEVERE,123
SEVERE,408
SEVERE,54
SEVERE,0
SEVERE,400
SEVERE,193
SEVERE,40
SEVERE,221
SEVERE,406
SEVERE,42
SEVERE,0
SEVERE,403
SEVERE,149
SEVERE,38
SEVERE,305
SEVERE,414
SEVERE,44
SEVERE,63
SEVERE,405
SEVERE,52
SEVERE,0
SEVERE,407
SEVERE,52
SEVERE,0
SEVERE,405
SEVERE,49
SEVERE,111
SEVERE,411
SEVERE,42
SEVERE,379
SEVERE,140
SEVERE,0
SEVERE,407
SEVERE,46
SEVERE,322
SEVERE,151
SEVERE,0
SEVERE,408
SEVERE,42
SEVERE,396
SEVERE,48
SEVERE,175
SEVERE,202
SEVERE,0
SEVERE,403
SEVERE,38
SEVERE,401
SEVERE,47
SEVERE,329
SEVERE,126
SEVERE,0
SEVERE,405
SEVERE,38
SEVERE,403
SEVERE,42
SEVERE,240
SEVERE,162
SEVERE,0
SEVERE,401
SEVERE,38
SEVERE,402
SEVERE,48
SEVERE,326
SEVERE,107
SEVERE,0
SEVERE,389
SEVERE,14
SEVERE,401
SEVERE,42
SEVERE,382
SEVERE,72
SEVERE,125
SEVERE,227
SEVERE,0
SEVERE,406
SEVERE,16
SEVERE,403
SEVERE,43
SEVERE,398
SEVERE,46
SEVERE,392
SEVERE,45
SEVERE,320
SEVERE,91
SEVERE,106
SEVERE,196
SEVERE,0
SEVERE,394
SEVERE,0
SEVERE,402
SEVERE,40
SEVERE,400
SEVERE,43
SEVERE,394
SEVERE,52
SEVERE,359
SEVERE,64
SEVERE,210
SEVERE,127
SEVERE,66
SEVERE,214
SEVERE,0
SEVERE,362
SEVERE,0
SEVERE,403
SEVERE,23
SEVERE,398
SEVERE,45
SEVERE,398
SEVERE,48
SEVERE,368
SEVERE,54
SEVERE,210
SEVERE,130
SEVERE,8
SEVERE,283
SEVERE,0
SEVERE,404
SEVERE,15
SEVERE,397
SEVERE,44
SEVERE,395
SEVERE,44
SEVERE,387
SEVERE,43
SEVERE,330
SEVERE,75
SEVERE,177
SEVERE,129
SEVERE,36
SEVERE,218
SEVERE,0
SEVERE,329
SEVERE,0
SEVERE,409
SEVERE,0
SEVERE,400
SEVERE,22
SEVERE,396
SEVERE,42
SEVERE,398
SEVERE,46
SEVERE,395
SEVERE,49
SEVERE,375
SEVERE,60
SEVERE,237
SEVERE,124
SEVERE,25
SEVERE,278
SEVERE,0
SEVERE,407
SEVERE,0
SEVERE,400
SEVERE,24
SEVERE,395
SEVERE,42
SEVERE,396
SEVERE,44
SEVERE,394
SEVERE,44
SEVERE,391
SEVERE,44
SEVERE,386
SEVERE,51
SEVERE,378
SEVERE,45
SEVERE,356
SEVERE,50
SEVERE,288
SEVERE,72
SEVERE,204
SEVERE,109
SEVERE,81
SEVERE,178
SEVERE,0
SEVERE,284
SEVERE,0
SEVERE,376
SEVERE,0
SEVERE,404
SEVERE,0
SEVERE,400
SEVERE,12
SEVERE,396
SEVERE,16
SEVERE,397
SEVERE,34
SEVERE,395
SEVERE,41
SEVERE,392
SEVERE,44
SEVERE,391
SEVERE,47
SEVERE,387
SEVERE,48
SEVERE,380
SEVERE,59
SEVERE,359
SEVERE,53
SEVERE,278
SEVERE,87
SEVERE,142
SEVERE,154
SEVERE,0
SEVERE,342
SEVERE,0
SEVERE,396
SEVERE,41
SEVERE,391
SEVERE,46
SEVERE,380
SEVERE,48
SEVERE,282
SEVERE,112
SEVERE,29
SEVERE,267
SEVERE,0
SEVERE,396
SEVERE,22
SEVERE,391
SEVERE,45
SEVERE,360
SEVERE,58
SEVERE,335
SEVERE,68
SEVERE,198
SEVERE,129
SEVERE,4
SEVERE,281
SEVERE,0
SEVERE,374
SEVERE,32
SEVERE,388
SEVERE,48
SEVERE,387
SEVERE,49
SEVERE,376
SEVERE,44
SEVERE,291
SEVERE,88
SEVERE,109
SEVERE,194
SEVERE,0
SEVERE,355
SEVERE,0
SEVERE,407
SEVERE,8
SEVERE,403
SEVERE,42
SEVERE,399
SEVERE,46
SEVERE,392
SEVERE,55
SEVERE,342
SEVERE,89
SEVERE,91
SEVERE,247
SEVERE,0
SEVERE,403
SEVERE,34
SEVERE,399
SEVERE,48
SEVERE,387
SEVERE,57
SEVERE,352
SEVERE,65
SEVERE,241
SEVERE,111
SEVERE,75
SEVERE,206
SEVERE,0
SEVERE,371
SEVERE,0
SEVERE,400
SEVERE,26
SEVERE,399
SEVERE,48
SEVERE,393
SEVERE,51
SEVERE,386
SEVERE,51
SEVERE,333
SEVERE,101
SEVERE,127
SEVERE,207
SEVERE,0
SEVERE,412
SEVERE,13
SEVERE,400
SEVERE,47
SEVERE,379
SEVERE,52
SEVERE,176
SEVERE,210
SEVERE,0
SEVERE,408
SEVERE,57
SEVERE,337
SEVERE,62
SEVERE,168
SEVERE,195
SEVERE,0
SEVERE,363
SEVERE,48
SEVERE,377
SEVERE,58
SEVERE,276
SEVERE,115
SEVERE,0
SEVERE,385
SEVERE,16
SEVERE,382
SEVERE,50
SEVERE,352
SEVERE,100
SEVERE,0
SEVERE,402
SEVERE,41
SEVERE,379
SEVERE,49
SEVERE,181
SEVERE,223
SEVERE,0
SEVERE,391
SEVERE,44
SEVERE,377
SEVERE,46
SEVERE,258
SEVERE,122
SEVERE,3
SEVERE,300
SEVERE,0
SEVERE,391
SEVERE,14
SEVERE,384
SEVERE,46
SEVERE,382
SEVERE,45
SEVERE,379
SEVERE,47
SEVERE,375
SEVERE,49
SEVERE,364
SEVERE,52
SEVERE,249
SEVERE,108
SEVERE,15
SEVERE,294
SEVERE,0
SEVERE,390
SEVERE,41
SEVERE,383
SEVERE,48
SEVERE,372
SEVERE,43
SEVERE,226
SEVERE,125
SEVERE,0
SEVERE,313
SEVERE,0
SEVERE,389
SEVERE,33
SEVERE,345
SEVERE,59
SEVERE,378
SEVERE,60
SEVERE,317
SEVERE,92
SEVERE,103
SEVERE,172
SEVERE,0
SEVERE,399
SEVERE,10
SEVERE,382
SEVERE,47
SEVERE,378
SEVERE,53
SEVERE,338
SEVERE,84
SEVERE,94
SEVERE,224
SEVERE,0
SEVERE,390
SEVERE,21
SEVERE,370
SEVERE,48
SEVERE,381
SEVERE,47
SEVERE,373
SEVERE,61
SEVERE,337
SEVERE,57
SEVERE,214
SEVERE,124
SEVERE,26
SEVERE,260
SEVERE,0
SEVERE,401
SEVERE,10
SEVERE,388
SEVERE,34
SEVERE,383
SEVERE,46
SEVERE,382
SEVERE,48
SEVERE,382
SEVERE,42
SEVERE,377
SEVERE,54
SEVERE,365
SEVERE,46
SEVERE,269
SEVERE,109
SEVERE,40
SEVERE,255
SEVERE,0
SEVERE,390
SEVERE,21
SEVERE,383
SEVERE,48
SEVERE,371
SEVERE,50
SEVERE,359
SEVERE,54
SEVERE,216
SEVERE,139
SEVERE,0
SEVERE,371
SEVERE,8
SEVERE,382
SEVERE,45
SEVERE,376
SEVERE,49
SEVERE,362
SEVERE,46
SEVERE,237
SEVERE,111
SEVERE,52
SEVERE,220
SEVERE,0
SEVERE,389
SEVERE,0
SEVERE,384
SEVERE,43
SEVERE,378
SEVERE,49
SEVERE,367
SEVERE,52
SEVERE,303
SEVERE,79
SEVERE,132
SEVERE,136
SEVERE,0
SEVERE,273
SEVERE,0
SEVERE,395
SEVERE,7
SEVERE,388
SEVERE,36
SEVERE,376
SEVERE,49
SEVERE,375
SEVERE,48
SEVERE,367
SEVERE,53
SEVERE,318
SEVERE,71
SEVERE,175
SEVERE,131
SEVERE,4
SEVERE,270
SEVERE,0
SEVERE,390
SEVERE,29
SEVERE,381
SEVERE,48
SEVERE,369
SEVERE,52
SEVERE,301
SEVERE,96
SEVERE,74
SEVERE,205
SEVERE,0
SEVERE,356
SEVERE,0
SEVERE,389
SEVERE,10
SEVERE,385
SEVERE,27
SEVERE,375
SEVERE,49
SEVERE,374
SEVERE,48
SEVERE,370
SEVERE,49
SEVERE,367
SEVERE,52
SEVERE,358
SEVERE,44
SEVERE,334
SEVERE,51
SEVERE,306
SEVERE,66
SEVERE,244
SEVERE,79
SEVERE,151
SEVERE,0
SEVERE,0
SEVERE,0
SEVERE,0
SEVERE,0
SEVERE,1011
SEVERE,0
SEVERE,111
SEVERE,0
SEVERE,0
SEVERE,0
SEVERE,0
SEVERE,10
SEVERE,0
SEVERE,207
SEVERE,0
SEVERE,170
SEVERE,0
SEVERE,108
SEVERE,0
SEVERE,0
SEVERE,223
SEVERE,0
SEVERE,223
SEVERE,0
SEVERE,164
SEVERE,6
SEVERE,0
SEVERE,254
SEVERE,0
SEVERE,265
SEVERE,2
SEVERE,262
SEVERE,1
SEVERE,0
SEVERE,278
SEVERE,5
SEVERE,302
SEVERE,0
SEVERE,171
SEVERE,76
SEVERE,0
SEVERE,332
SEVERE,8
SEVERE,293
SEVERE,96
SEVERE,0
SEVERE,327
SEVERE,10
SEVERE,278
SEVERE,107
SEVERE,0
SEVERE,344
SEVERE,24
SEVERE,120
SEVERE,317
SEVERE,32
SEVERE,351
SEVERE,60
SEVERE,0
SEVERE,348
SEVERE,27
SEVERE,273
SEVERE,156
SEVERE,0
SEVERE,362
SEVERE,34
SEVERE,155
SEVERE,310
SEVERE,28
SEVERE,362
SEVERE,46
SEVERE,0
SEVERE,367
SEVERE,36
SEVERE,301
SEVERE,208
SEVERE,19
SEVERE,370
SEVERE,65
SEVERE,0
SEVERE,379
SEVERE,37
SEVERE,186
SEVERE,313
SEVERE,30
SEVERE,374
SEVERE,37
SEVERE,146
SEVERE,260
SEVERE,0
SEVERE,380
SEVERE,38
SEVERE,371
SEVERE,44
SEVERE,210
SEVERE,118
SEVERE,0
SEVERE,262
SEVERE,0
SEVERE,389
SEVERE,13
SEVERE,379
SEVERE,40
SEVERE,377
SEVERE,38
SEVERE,378
SEVERE,38
SEVERE,372
SEVERE,39
SEVERE,373
SEVERE,45
SEVERE,361
SEVERE,38
SEVERE,328
SEVERE,49
SEVERE,263
SEVERE,67
SEVERE,246
SEVERE,67
SEVERE,267
SEVERE,68
SEVERE,266
SEVERE,64
SEVERE,244
SEVERE,71
SEVERE,231
SEVERE,80
SEVERE,204
SEVERE,91
SEVERE,154
SEVERE,128
SEVERE,53
SEVERE,193
SEVERE,0
SEVERE,319
SEVERE,0
SEVERE,384
SEVERE,14
SEVERE,379
SEVERE,35
SEVERE,378
SEVERE,43
SEVERE,378
SEVERE,42
SEVERE,377
SEVERE,47
SEVERE,366
SEVERE,43
SEVERE,290
SEVERE,88
SEVERE,101
SEVERE,200
SEVERE,0
SEVERE,387
SEVERE,16
SEVERE,380
SEVERE,43
SEVERE,377
SEVERE,45
SEVERE,364
SEVERE,52
SEVERE,250
SEVERE,113
SEVERE,32
SEVERE,265
SEVERE,0
SEVERE,384
SEVERE,18
SEVERE,378
SEVERE,44
SEVERE,376
SEVERE,47
SEVERE,365
SEVERE,56
SEVERE,334
SEVERE,61
SEVERE,229
SEVERE,108
SEVERE,95
SEVERE,164
SEVERE,0
SEVERE,285
SEVERE,0
SEVERE,391
SEVERE,0
SEVERE,378
SEVERE,21
SEVERE,378
SEVERE,42
SEVERE,374
SEVERE,45
SEVERE,375
SEVERE,44
SEVERE,370
SEVERE,48
SEVERE,361
SEVERE,60
SEVERE,322
SEVERE,70
SEVERE,190
SEVERE,118
SEVERE,32
SEVERE,241
SEVERE,0
SEVERE,390
SEVERE,0
SEVERE,380
SEVERE,35
SEVERE,375
SEVERE,46
SEVERE,373
SEVERE,50
SEVERE,368
SEVERE,51
SEVERE,354
SEVERE,43
SEVERE,312
SEVERE,54
SEVERE,245
SEVERE,89
SEVERE,142
SEVERE,140
SEVERE,18
SEVERE,213
SEVERE,0
SEVERE,326
SEVERE,0
SEVERE,385
SEVERE,11
SEVERE,377
SEVERE,40
SEVERE,371
SEVERE,48
SEVERE,369
SEVERE,48
SEVERE,337
SEVERE,65
SEVERE,191
SEVERE,122
SEVERE,2
SEVERE,243
SEVERE,0
SEVERE,328
SEVERE,0
SEVERE,377
SEVERE,0
SEVERE,384
SEVERE,0
SEVERE,366
SEVERE,13
SEVERE,375
SEVERE,16
SEVERE,375
SEVERE,24
SEVERE,368
SEVERE,36
SEVERE,370
SEVERE,41
SEVERE,369
SEVERE,42
SEVERE,368
SEVERE,41
SEVERE,359
SEVERE,38
SEVERE,370
SEVERE,43
SEVERE,368
SEVERE,42
SEVERE,369
SEVERE,38
SEVERE,370
SEVERE,33
SEVERE,371
SEVERE,35
SEVERE,368
SEVERE,44
SEVERE,367
SEVERE,43
SEVERE,368
SEVERE,41
SEVERE,368
SEVERE,42
SEVERE,368
SEVERE,42
SEVERE,371
SEVERE,44
SEVERE,358
SEVERE,42
SEVERE,368
SEVERE,43
SEVERE,366
SEVERE,41
SEVERE,368
SEVERE,45
SEVERE,367
SEVERE,48
SEVERE,366
SEVERE,41
SEVERE,364
SEVERE,48
SEVERE,366
SEVERE,46
SEVERE,366
SEVERE,43
SEVERE,365
SEVERE,45
SEVERE,364
SEVERE,46
SEVERE,363
SEVERE,45
SEVERE,364
SEVERE,44
SEVERE,365
SEVERE,40
SEVERE,364
SEVERE,37
SEVERE,367
SEVERE,24
SEVERE,369
SEVERE,18
SEVERE,368
SEVERE,18
SEVERE,367
SEVERE,17
SEVERE,369
SEVERE,19
SEVERE,370
SEVERE,20
SEVERE,368
SEVERE,11
SEVERE,368
SEVERE,0
SEVERE,375
SEVERE,0
SEVERE,374
SEVERE,0
SEVERE,328
SEVERE,0
SEVERE,256
SEVERE,0
SEVERE,163
SEVERE,56
SEVERE,111
SEVERE,144
SEVERE,81
SEVERE,217
SEVERE,67
SEVERE,311
SEVERE,43
SEVERE,340
SEVERE,54
SEVERE,353
SEVERE,47
SEVERE,356
SEVERE,46
SEVERE,356
SEVERE,46
SEVERE,360
SEVERE,42
SEVERE,362
SEVERE,15
SEVERE,367
SEVERE,0
SEVERE,351
SEVERE,0
SEVERE,263
SEVERE,0
SEVERE,197
SEVERE,12
SEVERE,141
SEVERE,76
SEVERE,115
SEVERE,170
SEVERE,80
SEVERE,250
SEVERE,52
SEVERE,325
SEVERE,63
SEVERE,343
SEVERE,46
SEVERE,349
SEVERE,49
SEVERE,353
SEVERE,47
SEVERE,355
SEVERE,49
SEVERE,356
SEVERE,43
SEVERE,356
SEVERE,29
SEVERE,363
SEVERE,10
SEVERE,363
SEVERE,0
SEVERE,353
SEVERE,0
SEVERE,262
SEVERE,0
SEVERE,175
SEVERE,32
SEVERE,118
SEVERE,109
SEVERE,87
SEVERE,214
SEVERE,53
SEVERE,316
SEVERE,56
SEVERE,352
SEVERE,50
SEVERE,358
SEVERE,46
SEVERE,357
SEVERE,7
SEVERE,374
SEVERE,0
SEVERE,223
SEVERE,18
SEVERE,100
SEVERE,187
SEVERE,52
SEVERE,309
SEVERE,54
SEVERE,341
SEVERE,47
SEVERE,350
SEVERE,47
SEVERE,353
SEVERE,12
SEVERE,370
SEVERE,0
SEVERE,247
SEVERE,9
SEVERE,104
SEVERE,196
SEVERE,48
SEVERE,333
SEVERE,49
SEVERE,349
SEVERE,48
SEVERE,353
SEVERE,26
SEVERE,359
SEVERE,0
SEVERE,354
SEVERE,0
SEVERE,222
SEVERE,2
SEVERE,118
SEVERE,138
SEVERE,84
SEVERE,213
SEVERE,67
SEVERE,217
SEVERE,70
SEVERE,231
SEVERE,70
SEVERE,254
SEVERE,61
SEVERE,276
SEVERE,48
SEVERE,296
SEVERE,42
SEVERE,320
SEVERE,57
SEVERE,332
SEVERE,50
SEVERE,336
SEVERE,51
SEVERE,338
SEVERE,54
SEVERE,333
SEVERE,44
SEVERE,310
SEVERE,51
SEVERE,249
SEVERE,80
SEVERE,174
SEVERE,101
SEVERE,62
SEVERE,152
SEVERE,0
SEVERE,247
SEVERE,0
SEVERE,346
SEVERE,0
SEVERE,359
SEVERE,25
SEVERE,349
SEVERE,52
SEVERE,344
SEVERE,46
SEVERE,339
SEVERE,61
SEVERE,285
SEVERE,70
SEVERE,138
SEVERE,122
SEVERE,0
SEVERE,246
SEVERE,0
SEVERE,369
SEVERE,0
SEVERE,356
SEVERE,21
SEVERE,351
SEVERE,46
SEVERE,351
SEVERE,48
SEVERE,344
SEVERE,46
SEVERE,336
SEVERE,48
SEVERE,311
SEVERE,50
SEVERE,213
SEVERE,83
SEVERE,115
SEVERE,122
SEVERE,36
SEVERE,176
SEVERE,0
SEVERE,258
SEVERE,0
SEVERE,361
SEVERE,0
SEVERE,358
SEVERE,16
SEVERE,354
SEVERE,44
SEVERE,347
SEVERE,49
SEVERE,347
SEVERE,49
SEVERE,342
SEVERE,49
SEVERE,340
SEVERE,52
SEVERE,328
SEVERE,42
SEVERE,289
SEVERE,59
SEVERE,183
SEVERE,101
SEVERE,50
SEVERE,190
SEVERE,0
SEVERE,339
SEVERE,0
SEVERE,356
SEVERE,27
SEVERE,350
SEVERE,49
SEVERE,343
SEVERE,49
SEVERE,340
SEVERE,49
SEVERE,337
SEVERE,50
SEVERE,331
SEVERE,39
SEVERE,312
SEVERE,44
SEVERE,271
SEVERE,57
SEVERE,231
SEVERE,95
SEVERE,158
SEVERE,112
SEVERE,93
SEVERE,123
SEVERE,19
SEVERE,160
SEVERE,0
SEVERE,188
SEVERE,0
SEVERE,231
SEVERE,0
SEVERE,293
SEVERE,0
SEVERE,367
SEVERE,0
SEVERE,353
SEVERE,27
SEVERE,347
SEVERE,47
SEVERE,340
SEVERE,49
SEVERE,339
SEVERE,52
SEVERE,334
SEVERE,54
SEVERE,326
SEVERE,46
SEVERE,266
SEVERE,85
SEVERE,169
SEVERE,102
SEVERE,35
SEVERE,181
SEVERE,0
SEVERE,305
SEVERE,0
SEVERE,358
SEVERE,14
SEVERE,344
SEVERE,51
SEVERE,339
SEVERE,50
SEVERE,329
SEVERE,54
SEVERE,294
SEVERE,65
SEVERE,165
SEVERE,106
SEVERE,3
SEVERE,253
SEVERE,0
SEVERE,355
SEVERE,28
SEVERE,341
SEVERE,49
SEVERE,334
SEVERE,58
SEVERE,294
SEVERE,68
SEVERE,145
SEVERE,136
SEVERE,0
SEVERE,228
SEVERE,0
SEVERE,351
SEVERE,0
SEVERE,353
SEVERE,25
SEVERE,349
SEVERE,48
SEVERE,343
SEVERE,50
SEVERE,338
SEVERE,51
SEVERE,328
SEVERE,50
SEVERE,329
SEVERE,57
SEVERE,323
SEVERE,48
SEVERE,266
SEVERE,74
SEVERE,199
SEVERE,80
SEVERE,132
SEVERE,112
SEVERE,56
SEVERE,151
SEVERE,0
SEVERE,194
SEVERE,0
SEVERE,244
SEVERE,0
SEVERE,264
SEVERE,0
SEVERE,261
SEVERE,0
SEVERE,276
SEVERE,0
SEVERE,286
SEVERE,0
SEVERE,283
SEVERE,0
SEVERE,274
SEVERE,0
SEVERE,259
SEVERE,0
SEVERE,244
SEVERE,0
SEVERE,230
SEVERE,0
SEVERE,233
SEVERE,0
SEVERE,251
SEVERE,0
SEVERE,296
SEVERE,0
SEVERE,352
SEVERE,0
SEVERE,366
SEVERE,0
SEVERE,382
SEVERE,0
SEVERE,362
SEVERE,0
SEVERE,361
SEVERE,0
SEVERE,353
SEVERE,5
SEVERE,350
SEVERE,14
SEVERE,347
SEVERE,20
SEVERE,363
SEVERE,29
SEVERE,347
SEVERE,31
SEVERE,346
SEVERE,32
SEVERE,356
SEVERE,33
SEVERE,345
